Workbook

Sheet Sheet1
B2: P1024 | C2: P0924 | D2: P0824 | E2: P0724 | F2: P0624 | G2: P0524 | H2: P0424 | I2: P0324 | J2: P0224 | K2: P0124 | L2: P1223 | M2: P1123 | N2: P1023 | O2: P0923 | P2: P0823 | Q2: P0723 | R2: P0623 | S2: P0523 | T2: P0423 | U2: P0323 | V2: P0223 | W2: P0123 | X2: P1222 | Y2: P1122 | Z2: P1022 | AA2: P0922 | AB2: P0822 | AC2: P0722 | AD2: P0622
A3: BORATE TREATED | B3: =AVERAGE('317421 - P1024'!H4:H9) -> -0.023584906 | C3: =AVERAGE('316556 - P0924'!H4:H9) -> 0.050832952 | D3: =AVERAGE('315805 - P0824'!H4:H9) -> -0.056069526 | E3: =AVERAGE('315019 - P0724'!H4:H9) -> -0.010852673 | F3: =AVERAGE('314020 - P0624'!H4:H9) -> -0.014164306 | G3: =AVERAGE('310785 - P0524'!H4:H9) -> -0.07967331 | H3: =AVERAGE('305245 - P0424'!H4:H9) -> 0.079149803 | I3: =AVERAGE('301055 - P0324'!H4:H9) -> -0.050432383 | J3: =AVERAGE('297195 - P0224'!H4:H9) -> 0.061523035 | K3: =AVERAGE('294130 - P0124'!H4:H9) -> 0.063770286 | L3: =AVERAGE('290710 - P1223'!H4:H9) -> -0.049487243 | M3: -0.038649959 | N3: -0.057091202 | O3: -0.023923445 | P3: -0.013315579 | Q3: -0.068158337 | R3: -0.0079759119 | S3: 0.0058667374 | T3: -0.04498261 | U3: 0.1366141 | V3: -0.090231939 | W3: -0.048874945 | X3: 0.031214323 | Y3: -0.06277692 | Z3: -0.073315098 | AA3: 0.01123625 | AB3: -0.0053965509 | AC3: -0.27035852 | AD3: -0.011340408
A4: CEDARTONE TRT | B4: =AVERAGE('317421 - P1024'!H10:H17) -> -0.033983172 | C4: =AVERAGE('316556 - P0924'!H10:H17) -> 0.062000495 | D4: =AVERAGE('315805 - P0824'!H10:H17) -> -0.059368375 | E4: =AVERAGE('315019 - P0724'!H10:H17) -> 0.0097106439 | F4: =AVERAGE('314020 - P0624'!H10:H17) -> -0.10262663 | G4: =AVERAGE('310785 - P0524'!H10:H17) -> -0.050933317 | H4: =AVERAGE('305245 - P0424'!H10:H17) -> -0.012397815 | I4: =AVERAGE('301055 - P0324'!H10:H17) -> -0.0050504917 | J4: =AVERAGE('297195 - P0224'!H10:H17) -> 0.030300728 | K4: =AVERAGE('294130 - P0124'!H10:H17) -> -0.028031043 | L4: =AVERAGE('290710 - P1223'!H10:H17) -> -0.056378686 | M4: -0.0048408097 | N4: -0.020497662 | O4: 0.030921373 | P4: 0.024909705 | Q4: -0.043069306 | R4: -0.018636232 | S4: -0.0051890042 | T4: 0.0005153424 | U4: 0.0080751501 | V4: -0.043512818 | W4: 0.010374587 | X4: 0.049023784 | Y4: -0.054623712 | Z4: -0.001026692 | AA4: 0.12522389 | AB4: -0.11886125 | AC4: -0.1172119 | AD4: -0.18442292
A5: STUDS | B5: =AVERAGE('317421 - P1024'!H27,'317421 - P1024'!H30) -> 0.10171213 | C5: =AVERAGE('316556 - P0924'!H27,'316556 - P0924'!H30) -> 0.019566411 | D5: =AVERAGE('315805 - P0824'!H27,'315805 - P0824'!H30) -> -0.061563398 | E5: =AVERAGE('315019 - P0724'!H27,'315019 - P0724'!H30) -> -0.032374412 | F5: =AVERAGE('314020 - P0624'!H27,'314020 - P0624'!H30) -> -0.11327692 | G5: =AVERAGE('310785 - P0524'!H27,'310785 - P0524'!H30) -> 0.012376238 | H5: =AVERAGE('305245 - P0424'!H27,'305245 - P0424'!H30) -> 0.084355297 | I5: =AVERAGE('301055 - P0324'!H27,'301055 - P0324'!H30) -> 0.0089527309 | J5: =AVERAGE('297195 - P0224'!H27,'297195 - P0224'!H30) -> 0.022893773 | K5: =AVERAGE('294130 - P0124'!H27,'294130 - P0124'!H30) -> 0.080356514 | L5: =AVERAGE('290710 - P1223'!H27,'290710 - P1223'!H30) -> -0.036904485 | M5: -0.10591746 | N5: 0.013202391 | O5: -0.12108087 | P5: 0.11757653 | Q5: -0.055478218 | R5: 0.0044404973 | S5: 0.043112649 | T5: -0.067774961 | U5: 0.20578199 | V5: -0.021336777 | W5: -0.17033673 | X5: -0.035029643 | Y5: -0.065710595 | Z5: -0.065160694 | AA5: 0.012768685 | AB5: 0.1045791 | AC5: -0.42898941 | AD5: 0.090461444
A6: 2X DIM | B6: =AVERAGE('317421 - P1024'!H34:H49) -> 0.044352044 | C6: =AVERAGE('316556 - P0924'!H34:H49) -> 0.071031746 | D6: =AVERAGE('315805 - P0824'!H34:H49) -> -0.040472518 | E6: =AVERAGE('315019 - P0724'!H34:H49) -> -0.034579298 | F6: =AVERAGE('314020 - P0624'!H34:H49) -> -0.11496296 | G6: =AVERAGE('310785 - P0524'!H34:H49) -> 0.023397257 | H6: =AVERAGE('305245 - P0424'!H34:H49) -> 0.071494728 | I6: =AVERAGE('301055 - P0324'!H34:H49) -> 0.0085144928 | J6: =AVERAGE('297195 - P0224'!H34:H49) -> 0.039823009 | K6: =AVERAGE('294130 - P0124'!H34:H49) -> 0.081562557 | L6: =AVERAGE('290710 - P1223'!H34:H49) -> -0.054121599 | M6: -0.063649425 | N6: -0.044584317 | O6: -0.049914196 | P6: 0.10267472 | Q6: -0.036881419 | R6: 0.017992817 | S6: 0.16017747 | T6: -0.17515152 | U6: 0.21153846 | V6: -0.095583787 | W6: -0.12549156 | X6: -0.021545525 | Y6: -0.032297332 | Z6: -0.064088022 | AA6: -0.026243332 | AB6: -0.0098072299 | AC6: -0.3949112 | AD6: -0.019615789
A7: WIDES | B7: =AVERAGE('317421 - P1024'!H72:H89) -> 0.18416319 | C7: =AVERAGE('316556 - P0924'!H72:H89) -> -0.017491973 | D7: =AVERAGE('315805 - P0824'!H72:H89) -> -0.0018408829 | E7: =AVERAGE('315019 - P0724'!H72:H89) -> -0.0047013688 | F7: =AVERAGE('314020 - P0624'!H72:H89) -> -0.040882992 | G7: =AVERAGE('310785 - P0524'!H72:H89) -> 0.041974343 | H7: =AVERAGE('305245 - P0424'!H72:H89) -> 0.027407008 | I7: =AVERAGE('301055 - P0324'!H72:H89) -> 0.032917644 | J7: =AVERAGE('297195 - P0224'!H72:H89) -> 0.25756842 | K7: =AVERAGE('294130 - P0124'!H72:H89) -> -0.32808159 | L7: =AVERAGE('290710 - P1223'!H72:H89) -> -0.046512009 | M7: -0.057395553 | N7: -0.024083666 | O7: -0.01161406 | P7: 0.19000246 | Q7: -0.070732409 | R7: -0.070765505 | S7: -0.058927092 | T7: -0.043561882 | U7: 0.02807052 | V7: -0.091690644 | W7: -0.078966596 | X7: 0.066063442 | Y7: 0.10092701 | Z7: -0.069013101 | AA7: -0.032292374 | AB7: -0.040453916 | AC7: -0.19691657 | AD7: 0.0057297002
A8: OSB | B8: =AVERAGE('317421 - P1024'!H93:H97) -> -0.0091346437 | C8: =AVERAGE('316556 - P0924'!H93:H97) -> -0.024919933 | D8: =AVERAGE('315805 - P0824'!H93:H97) -> -0.10430406 | E8: =AVERAGE('315019 - P0724'!H93:H97) -> -0.11253405 | F8: =AVERAGE('314020 - P0624'!H93:H97) -> -0.19077066 | G8: =AVERAGE('310785 - P0524'!H93:H97) -> 0.27694423 | H8: =AVERAGE('305245 - P0424'!H93:H97) -> 0.090021659 | I8: =AVERAGE('301055 - P0324'!H93:H97) -> -0.070619715 | J8: =AVERAGE('297195 - P0224'!H93:H97) -> 0 | K8: =AVERAGE('294130 - P0124'!H93:H97) -> 0.09396459 | L8: =AVERAGE('290710 - P1223'!H93:H97) -> 0.14096998 | M8: -0.31099556 | N8: -0.084227856 | O8: 0.089548437 | P8: 0.50711677 | Q8: 0 | R8: 0.19671337 | S8: -0.025077908 | T8: 0 | U8: 0.0092937174 | V8: -0.022156437 | W8: -0.16431281 | X8: 0.0015869062 | Y8: -0.058865434 | Z8: -0.21046149 | AA8: 0.14026922 | AB8: -0.20641417 | AC8: -0.31714688 | AD8: -0.23560876
A9: EWP | B9: ='317421 - P1024'!H116 -> 0 | C9: ='316556 - P0924'!H116 -> 0 | D9: ='315805 - P0824'!H116 -> 0 | E9: ='315019 - P0724'!H116 -> 0 | F9: ='314020 - P0624'!H116 -> 0 | G9: ='310785 - P0524'!H116 -> -0.034245351 | H9: ='305245 - P0424'!H116 -> 0 | I9: ='301055 - P0324'!H116 -> 0 | J9: ='297195 - P0224'!H116 -> 0 | K9: ='294130 - P0124'!H116 -> 0 | L9: ='290710 - P1223'!H116 -> 0 | M9: 0 | N9: 0.00031806616 | O9: 0.00031806616 | P9: 0 | Q9: 0 | R9: 0 | S9: 0.01555096 | T9: 0 | U9: 0 | V9: -0.067306877 | W9: -0.042956708 | X9: 0 | Y9: 0 | Z9: 0 | AA9: 0.010302234 | AB9: 0.0081663044 | AC9: 0 | AD9: 0
A10: HARDIE | AD10: 0.04
A11: TREX | AD11: 0.08
A13: SPF #2 | B13: =AVERAGE('317421 - P1024'!H416:H417) -> 0.081898585 | C13: =AVERAGE('316556 - P0924'!H416:H417) -> 0.1369724 | D13: =AVERAGE('315805 - P0824'!H416:H417) -> -0.075 | E13: =AVERAGE('315019 - P0724'!H416:H417) -> -0.020306154 | F13: =AVERAGE('314020 - P0624'!H416:H417) -> -0.10909993 | G13: =AVERAGE('310785 - P0524'!H416:H417) -> -0.032374134 | H13: =AVERAGE('305245 - P0424'!H416:H417) -> 0.074896744 | I13: =AVERAGE('301055 - P0324'!H416:H417) -> -0.021883552 | J13: =AVERAGE('297195 - P0224'!H416:H417) -> 0.090691998 | K13: =AVERAGE('294130 - P0124'!H416:H417) -> 0.018636556 | L13: =AVERAGE('290710 - P1223'!H416:H417) -> 0.046844284 | M13: -0.089893556 | N13: 0.038154639 | O13: -0.12436789 | P13: 0.14000865 | Q13: -0.026103447 | R13: 0.00071780148 | S13: -0.030893683 | T13: -0.15493043 | U13: 0.18416699 | V13: -0.030159161 | W13: -0.087832757 | X13: 0.030814 | Y13: -0.036072958 | Z13: -0.12942657 | AA13: -0.0012799822 | AB13: 0.1093044 | AC13: -0.4613604 | AD13: 0.043428088
A14: SPF 1650 | B14: ='317421 - P1024'!H418 -> 0.0327654 | C14: ='316556 - P0924'!H418 -> 0.013280212 | D14: ='315805 - P0824'!H418 -> -0.056390977 | E14: ='315019 - P0724'!H418 -> -0.024449878 | F14: ='314020 - P0624'!H418 -> -0.052143685 | G14: ='310785 - P0524'!H418 -> 0.0058275058 | H14: ='305245 - P0424'!H418 -> 0 | I14: ='301055 - P0324'!H418 -> -0.0057937428 | J14: ='297195 - P0224'!H418 -> 0.017688679 | K14: ='294130 - P0124'!H418 -> 0.0059311981 | L14: ='290710 - P1223'!H418 -> -0.050675676 | M14: -0.016611296 | N14: 0.011198208 | O14: 0.028801843 | P14: 0.016339869 | Q14: 0 | R14: 0.0064267352 | S14: -0.08254717 | T14: -0.023041475 | U14: 0.035799523 | V14: -0.11603376 | W14: -0.064165844 | X14: 0.025303644 | Y14: 0.010224949 | Z14: -0.048638132 | AA14: -0.04193849 | AB14: -0.0092336103 | AC14: -0.30931122 | AD14: -0.081967213
A16: PANEL | M16: -0.06 | O16: -0.03 | P16: 0.09 | Q16: -0.03 | R16: 0.03 | S16: 0.01 | T16: -0.04 | U16: 0.1 | V16: -0.04 | W16: -0.13 | X16: 0.005 | Y16: -0.05 | Z16: -0.1 | AA16: 0.04
A17: MULTI ROOF | J17: 0.01 | M17: -0.01 | O17: -0.01 | P17: 0.06 | Q17: 0 | R17: 0.01 | S17: -0.01 | T17: -0.045 | U17: 0.05 | V17: -0.03 | W17: -0.04 | X17: 0.015 | Y17: -0.01 | Z17: -0.06 | AA17: -0.01
A18: SFR ROOF | H18: 0.01 | J18: 0.01 | M18: -0.01 | O18: -0.02 | P18: 0.07 | R18: 0.02 | S18: -0.01 | T18: -0.045 | U18: 0.05 | V18: -0.03
A19: FLOOR TRUSSES | H19: 0.01 | J19: 0.01 | M19: -0.005 | O19: -0.02 | P19: 0.06 | R19: 0.02 | S19: -0.02

Sheet 317421 - P1024 (2)
E1: RANDOM LENGTH | F1: RANDOM LENGTH | I1: SELL PRICE | J1: SELL PRICE | M1: TYPE
B2: PROJECT | C2: SUPPLIER | D2: Product Code & Description | E2: 45513 | F2: 45765 | I2: P09 2024 SEPTEMBER 08/09/24 | J2: P10 2024 OCTOBER 09/13/24
A3: 1 | D3: Treated Materials | M3: COM
A4: 2 | C4: DH | D4: 2412BT - 2X4 12' Blue Borate Treated | E4: 706 | F4: 846 | G4: =+F4-E4 -> 140 | H4: =(F4-E4)/ABS(E4) -> 0.19830028 | I4: 851.61761 | J4: =(I4*H4)+I4 -> 1020.4936 | K4: =J4-I4 -> 168.87601 | L4: =(J4-I4)/ABS(I4) -> 0.19830028 | M4: COM | O4: =E4-'315805 - P0824'!F4 -> 35 | P4: =I4-'315805 - P0824'!J4 -> 42.219003
A5: 3 | D5: 2414BT - 2X4 14' Blue Borate Treated | E5: 706 | F5: =F4 -> 846 | G5: =+F5-E5 -> 140 | H5: =(F5-E5)/ABS(E5) -> 0.19830028 | I5: 851.61761 | J5: =(I5*H5)+I5 -> 1020.4936 | K5: =J5-I5 -> 168.87601 | L5: =(J5-I5)/ABS(I5) -> 0.19830028 | M5: COM | O5: =E5-'315805 - P0824'!F5 -> 35 | P5: =I5-'315805 - P0824'!J5 -> 42.219003
A6: 4 | D6: 2416BT - 2X4 16' Blue Borate Treated | E6: 706 | F6: =F4 -> 846 | G6: =+F6-E6 -> 140 | H6: =(F6-E6)/ABS(E6) -> 0.19830028 | I6: 851.61761 | J6: =(I6*H6)+I6 -> 1020.4936 | K6: =J6-I6 -> 168.87601 | L6: =(J6-I6)/ABS(I6) -> 0.19830028 | M6: COM | O6: =E6-'315805 - P0824'!F6 -> 35 | P6: =I6-'315805 - P0824'!J6 -> 42.219003
A7: 5 | C7: DH | D7: 2612BT - 2X6 12' Blue Borate Treated | E7: 636 | F7: 751 | G7: =+F7-E7 -> 115 | H7: =(F7-E7)/ABS(E7) -> 0.18081761 | I7: 820.97525 | J7: =(I7*H7)+I7 -> 969.42203 | K7: =J7-I7 -> 148.44678 | L7: =(J7-I7)/ABS(I7) -> 0.18081761 | M7: COM | O7: =E7-'315805 - P0824'!F7 -> 30 | P7: =I7-'315805 - P0824'!J7 -> 38.725248
A8: 6 | D8: 2614BT - 2X6 14' Blue Borate Treated | E8: 636 | F8: =F7 -> 751 | G8: =+F8-E8 -> 115 | H8: =(F8-E8)/ABS(E8) -> 0.18081761 | I8: 820.97525 | J8: =(I8*H8)+I8 -> 969.42203 | K8: =J8-I8 -> 148.44678 | L8: =(J8-I8)/ABS(I8) -> 0.18081761 | M8: COM | O8: =E8-'315805 - P0824'!F8 -> 30 | P8: =I8-'315805 - P0824'!J8 -> 38.725248
A9: 7 | D9: 2616BT - 2X6 16' Blue Borate Treated | E9: 636 | F9: =F7 -> 751 | G9: =+F9-E9 -> 115 | H9: =(F9-E9)/ABS(E9) -> 0.18081761 | I9: 820.97525 | J9: =(I9*H9)+I9 -> 969.42203 | K9: =J9-I9 -> 148.44678 | L9: =(J9-I9)/ABS(I9) -> 0.18081761 | M9: COM | O9: =E9-'315805 - P0824'!F9 -> 30 | P9: =I9-'315805 - P0824'!J9 -> 38.725248
A10: 8 | C10: DH | D10: 2412T - 2x4 12' #1 SYP Treated MCA Cedartone | E10: 825 | F10: 930 | G10: =+F10-E10 -> 105 | H10: =(F10-E10)/ABS(E10) -> 0.12727273 | I10: 1095.6822 | J10: =(I10*H10)+I10 -> 1235.1326 | K10: =J10-I10 -> 139.45046 | L10: =(J10-I10)/ABS(I10) -> 0.12727273 | M10: COM | O10: =E10-'315805 - P0824'!F10 -> 115 | P10: =I10-'315805 - P0824'!J10 -> 152.73146
A11: 9 | D11: 2416T - 2x4 16' #1 SYP Treated MCA Cedartone | E11: 825 | F11: =F10 -> 930 | G11: =+F11-E11 -> 105 | H11: =(F11-E11)/ABS(E11) -> 0.12727273 | I11: 1095.6822 | J11: =(I11*H11)+I11 -> 1235.1326 | K11: =J11-I11 -> 139.45046 | L11: =(J11-I11)/ABS(I11) -> 0.12727273 | M11: COM | O11: =E11-'315805 - P0824'!F11 -> 115 | P11: =I11-'315805 - P0824'!J11 -> 152.73146
A12: 10 | C12: DH | D12: 2612T - 2x6 12' #1 SYP Treated MCA Cedartone | E12: 710 | F12: 790 | G12: =+F12-E12 -> 80 | H12: =(F12-E12)/ABS(E12) -> 0.11267606 | I12: 846.92308 | J12: =(I12*H12)+I12 -> 942.35103 | K12: =J12-I12 -> 95.427952 | L12: =(J12-I12)/ABS(I12) -> 0.11267606 | M12: COM | O12: =E12-'315805 - P0824'!F12 -> 25 | P12: =I12-'315805 - P0824'!J12 -> 29.821235
A13: 11 | D13: 2616T - 2x6 16' #1 SYP Treated MCA Cedartone | E13: 710 | F13: =F12 -> 790 | G13: =+F13-E13 -> 80 | H13: =(F13-E13)/ABS(E13) -> 0.11267606 | I13: 846.92308 | J13: =(I13*H13)+I13 -> 942.35103 | K13: =J13-I13 -> 95.427952 | L13: =(J13-I13)/ABS(I13) -> 0.11267606 | M13: COM | O13: =E13-'315805 - P0824'!F13 -> 25 | P13: =I13-'315805 - P0824'!J13 -> 29.821235
A14: 12 | D14: 2812T - 2x8 12' #1 SYP Treated MCA Cedartone | E14: 680 | F14: 780 | G14: =+F14-E14 -> 100 | H14: =(F14-E14)/ABS(E14) -> 0.14705882 | I14: 874.08999 | J14: =(I14*H14)+I14 -> 1002.6326 | K14: =J14-I14 -> 128.54265 | L14: =(J14-I14)/ABS(I14) -> 0.14705882 | M14: COM | O14: =E14-'315805 - P0824'!F14 -> 20 | P14: =I14-'315805 - P0824'!J14 -> 25.708529
A15: 13 | D15: 2816T - 2x8 16' #1 SYP Treated MCA Cedartone | E15: 680 | F15: =F14 -> 780 | G15: =+F15-E15 -> 100 | H15: =(F15-E15)/ABS(E15) -> 0.14705882 | I15: 874.08999 | J15: =(I15*H15)+I15 -> 1002.6326 | K15: =J15-I15 -> 128.54265 | L15: =(J15-I15)/ABS(I15) -> 0.14705882 | M15: COM | O15: =E15-'315805 - P0824'!F15 -> 20 | P15: =I15-'315805 - P0824'!J15 -> 25.708529
A16: 14 | C16: DH | D16: 21012T - 2x10 12' #1 SYP Treated MCA Cedartone | E16: 795 | F16: 850 | G16: =+F16-E16 -> 55 | H16: =(F16-E16)/ABS(E16) -> 0.06918239 | I16: 1119.8387 | J16: =(I16*H16)+I16 -> 1197.3118 | K16: =J16-I16 -> 77.473118 | L16: =(J16-I16)/ABS(I16) -> 0.06918239 | M16: COM | O16: =E16-'315805 - P0824'!F16 -> 15 | P16: =I16-'315805 - P0824'!J16 -> 21.129032
A17: 15 | D17: 21016T - 2x10 16' #1 SYP Treated MCA Cedartone | E17: 795 | F17: =F16 -> 850 | G17: =+F17-E17 -> 55 | H17: =(F17-E17)/ABS(E17) -> 0.06918239 | I17: 1119.8387 | J17: =(I17*H17)+I17 -> 1197.3118 | K17: =J17-I17 -> 77.473118 | L17: =(J17-I17)/ABS(I17) -> 0.06918239 | M17: COM | O17: =E17-'315805 - P0824'!F17 -> 15 | P17: =I17-'315805 - P0824'!J17 -> 21.129032
A18: 16 | C18: DH | D18: 21212T - 2x12 12' #1 SYP Treated MCA Cedartone | E18: 880 | F18: 800 | G18: =+F18-E18 -> -80 | H18: =(F18-E18)/ABS(E18) -> -0.090909091 | I18: 1222.9958 | J18: =(I18*H18)+I18 -> 1111.8143 | K18: =J18-I18 -> -111.18143 | L18: =(J18-I18)/ABS(I18) -> -0.090909091 | M18: COM | O18: =E18-'315805 - P0824'!F18 -> 35 | P18: =I18-'315805 - P0824'!J18 -> 48.641878
A19: 17 | D19: 21216T - 2x12 16' #1 SYP Treated MCA Cedartone | E19: 880 | F19: =F18 -> 800 | G19: =+F19-E19 -> -80 | H19: =(F19-E19)/ABS(E19) -> -0.090909091 | I19: 1222.9958 | J19: =(I19*H19)+I19 -> 1111.8143 | K19: =J19-I19 -> -111.18143 | L19: =(J19-I19)/ABS(I19) -> -0.090909091 | M19: COM | O19: =E19-'315805 - P0824'!F19 -> 35 | P19: =I19-'315805 - P0824'!J19 -> 48.641878
A20: 18 | C20: DH | D20: 21220T - 2x12 20' #1 SYP Treated MCA Cedartone | E20: 1070 | F20: 1170 | G20: =+F20-E20 -> 100 | H20: =(F20-E20)/ABS(E20) -> 0.093457944 | I20: 2159.8757 | J20: =(I20*H20)+I20 -> 2361.7333 | K20: =J20-I20 -> 201.85755 | L20: =(J20-I20)/ABS(I20) -> 0.093457944 | M20: COM | O20: =E20-'315805 - P0824'!F20 -> 30 | P20: =I20-'315805 - P0824'!J20 -> 60.557264
A21: 19 | C21: DH | D21: 4410T - 4X4 10' HF Std/btr S4S CEDARTONE GROUND CONTACT | E21: 16.07 | F21: 17.2 | G21: =+F21-E21 -> 1.13 | H21: =(F21-E21)/ABS(E21) -> 0.070317362 | I21: 36.488665 | J21: =(I21*H21)+I21 -> 39.054452 | K21: =J21-I21 -> 2.5657867 | L21: =(J21-I21)/ABS(I21) -> 0.070317362 | M21: COM | O21: =E21-'315805 - P0824'!F21 -> 0 | P21: =I21-'315805 - P0824'!J21 -> 0
A22: 20 | C22: DH | D22: 6610T - 6X6 10' HF #2 S4S CEDARTONE GROUND CONTACT | E22: 1430 | F22: 1470 | G22: =+F22-E22 -> 40 | H22: =(F22-E22)/ABS(E22) -> 0.027972028 | I22: 2041.9222 | J22: =(I22*H22)+I22 -> 2099.0389 | K22: =J22-I22 -> 57.116705 | L22: =(J22-I22)/ABS(I22) -> 0.027972028 | M22: COM | O22: =E22-'315805 - P0824'!F22 -> 0 | P22: =I22-'315805 - P0824'!J22 -> 0
A23: 21 | D23: 6612T - 6X6 12' HF #2 S4S CEDARTONE GROUND CONTACT | E23: 1430 | F23: =F22 -> 1470 | G23: =+F23-E23 -> 40 | H23: =(F23-E23)/ABS(E23) -> 0.027972028 | I23: 2041.9222 | J23: =(I23*H23)+I23 -> 2099.0389 | K23: =J23-I23 -> 57.116705 | L23: =(J23-I23)/ABS(I23) -> 0.027972028 | M23: COM | O23: =E23-'315805 - P0824'!F23 -> 0 | P23: =I23-'315805 - P0824'!J23 -> 0
A24: 22 | D24: End of Treated Materials | H24: =AVERAGE(H4:H23) -> 0.10438174 | L24: =AVERAGE(L4:L23) -> 0.10438174
A25: 23 | D25: Studs | M25: COM
A26: 24 | D26: 2492F - 2X4 92-5/8 HEM FIR STUD | E26: 441 | F26: 544 | G26: =+F26-E26 -> 103 | H26: =(F26-E26)/ABS(E26) -> 0.23356009 | I26: 654.29675 | J26: 587 | K26: =J26-I26 -> -67.296754 | L26: =(J26-I26)/ABS(I26) -> -0.10285356 | M26: COM | O26: =E26-'315805 - P0824'!F26 -> 0 | P26: =I26-'315805 - P0824'!J26 -> 0
A27: 25 | D27: 24104F - 2X4 104-5/8 HEM FIR STUD | E27: 476 | F27: 632 | G27: =+F27-E27 -> 156 | H27: =(F27-E27)/ABS(E27) -> 0.32773109 | I27: 627.94534 | J27: 682 | K27: =J27-I27 -> 54.054664 | L27: =(J27-I27)/ABS(I27) -> 0.086081799 | M27: COM | O27: =E27-'315805 - P0824'!F27 -> 5 | P27: =I27-'315805 - P0824'!J27 -> 6.5960645
A28: 26 | D28: 24116F - 2X4 116-5/8 HEM FIR STUD | E28: 476 | F28: 635 | G28: =+F28-E28 -> 159 | H28: =(F28-E28)/ABS(E28) -> 0.33403361 | I28: 589.74688 | J28: 686 | K28: =J28-I28 -> 96.253119 | L28: =(J28-I28)/ABS(I28) -> 0.1632109 | M28: COM | O28: =E28-'315805 - P0824'!F28 -> 5 | P28: =I28-'315805 - P0824'!J28 -> 6.1948202
A29: 27 | D29: 2692F - 2X6 92-5/8 HEM FIR STUD | E29: 436 | F29: 596 | G29: =+F29-E29 -> 160 | H29: =(F29-E29)/ABS(E29) -> 0.36697248 | I29: 560.47438 | J29: 644 | K29: =J29-I29 -> 83.525623 | L29: =(J29-I29)/ABS(I29) -> 0.14902666 | M29: COM | O29: =E29-'315805 - P0824'!F29 -> 5 | P29: =I29-'315805 - P0824'!J29 -> 6.4274584
A30: 28 | D30: 26104F - 2X6 104-5/8 HEM FIR STUD | E30: 541 | F30: 686 | G30: =+F30-E30 -> 145 | H30: =(F30-E30)/ABS(E30) -> 0.26802218 | I30: 684.64138 | J30: 740 | K30: =J30-I30 -> 55.35862 | L30: =(J30-I30)/ABS(I30) -> 0.080857835 | M30: COM | O30: =E30-'315805 - P0824'!F30 -> 15 | P30: =I30-'315805 - P0824'!J30 -> 18.982663
A31: 29 | D31: 26116F - 2X6 116-5/8 HEM FIR STUD | E31: 541 | F31: 686 | G31: =+F31-E31 -> 145 | H31: =(F31-E31)/ABS(E31) -> 0.26802218 | I31: 646.77631 | J31: 741 | K31: =J31-I31 -> 94.223689 | L31: =(J31-I31)/ABS(I31) -> 0.14568203 | M31: COM | O31: =E31-'315805 - P0824'!F31 -> 15 | P31: =I31-'315805 - P0824'!J31 -> 17.9328
A32: 30 | D32: End of Studs | H32: =AVERAGE(H26:H31) -> 0.29972361 | L32: =AVERAGE(L26:L31) -> 0.087000944
A33: 31 | D33: Dimensional Lumber | M33: COM
A34: 32 | D34: 248F - 2X4X8 #2 AND BTR HEM FIR | E34: 555 | F34: 696 | G34: =+F34-E34 -> 141 | H34: =(F34-E34)/ABS(E34) -> 0.25405405 | I34: 631.07328 | J34: 765 | K34: =J34-I34 -> 133.92672 | L34: =(J34-I34)/ABS(I34) -> 0.21222056 | M34: COM | O34: =E34-'315805 - P0824'!F34 -> 15 | P34: =I34-'315805 - P0824'!J34 -> 17.056034
A35: 33 | D35: 2410F - 2X4X10 #2 AND BTR HEM FIR | E35: 555 | F35: =F34 -> 696 | G35: =+F35-E35 -> 141 | H35: =(F35-E35)/ABS(E35) -> 0.25405405 | I35: 631.07328 | J35: =J34 -> 765 | K35: =J35-I35 -> 133.92672 | L35: =(J35-I35)/ABS(I35) -> 0.21222056 | M35: COM | O35: =E35-'315805 - P0824'!F35 -> 15 | P35: =I35-'315805 - P0824'!J35 -> 17.056034
A36: 34 | D36: 2412F - 2X4X12 #2 AND BTR HEM FIR | E36: 555 | F36: =F34 -> 696 | G36: =+F36-E36 -> 141 | H36: =(F36-E36)/ABS(E36) -> 0.25405405 | I36: 631.07328 | J36: =J34 -> 765 | K36: =J36-I36 -> 133.92672 | L36: =(J36-I36)/ABS(I36) -> 0.21222056 | M36: COM | O36: =E36-'315805 - P0824'!F36 -> 15 | P36: =I36-'315805 - P0824'!J36 -> 17.056034
A37: 35 | D37: 2414F - 2X4X14 #2 AND BTR HEM FIR | E37: 555 | F37: =F34 -> 696 | G37: =+F37-E37 -> 141 | H37: =(F37-E37)/ABS(E37) -> 0.25405405 | I37: 631.07328 | J37: =J34 -> 765 | K37: =J37-I37 -> 133.92672 | L37: =(J37-I37)/ABS(I37) -> 0.21222056 | M37: COM | O37: =E37-'315805 - P0824'!F37 -> 15 | P37: =I37-'315805 - P0824'!J37 -> 17.056034
A38: 36 | D38: 2416F - 2X4X16 #2 AND BTR HEM FIR | E38: 555 | F38: =F34 -> 696 | G38: =+F38-E38 -> 141 | H38: =(F38-E38)/ABS(E38) -> 0.25405405 | I38: 631.07328 | J38: =J34 -> 765 | K38: =J38-I38 -> 133.92672 | L38: =(J38-I38)/ABS(I38) -> 0.21222056 | M38: COM | O38: =E38-'315805 - P0824'!F38 -> 15 | P38: =I38-'315805 - P0824'!J38 -> 17.056034
A39: 37 | D39: 2418F - 2X4X18 #2 AND BTR HEM FIR | E39: 555 | F39: =F34 -> 696 | G39: =+F39-E39 -> 141 | H39: =(F39-E39)/ABS(E39) -> 0.25405405 | I39: 631.07328 | J39: =J34 -> 765 | K39: =J39-I39 -> 133.92672 | L39: =(J39-I39)/ABS(I39) -> 0.21222056 | M39: COM | O39: =E39-'315805 - P0824'!F39 -> 15 | P39: =I39-'315805 - P0824'!J39 -> 17.056034
A40: 38 | D40: 2420F - 2X4X20 #2 AND BTR HEM FIR | E40: 555 | F40: =F34 -> 696 | G40: =+F40-E40 -> 141 | H40: =(F40-E40)/ABS(E40) -> 0.25405405 | I40: 631.07328 | J40: =J34 -> 765 | K40: =J40-I40 -> 133.92672 | L40: =(J40-I40)/ABS(I40) -> 0.21222056 | M40: COM | O40: =E40-'315805 - P0824'!F40 -> 15 | P40: =I40-'315805 - P0824'!J40 -> 17.056034
A41: 39 | D41: 242RLF - 2X4 R/L #2 AND BTR HEM FIR | E41: 555 | F41: =F35 -> 696 | G41: =+F41-E41 -> 141 | H41: =(F41-E41)/ABS(E41) -> 0.25405405 | I41: 631.07328 | J41: =J35 -> 765 | K41: =J41-I41 -> 133.92672 | L41: =(J41-I41)/ABS(I41) -> 0.21222056 | M41: COM | O41: =E41-'315805 - P0824'!F41 -> 15 | P41: =I41-'315805 - P0824'!J41 -> 17.056034
A42: 40 | D42: 268F - 2X6X8 #2 AND BTR HEM FIR | E42: 585 | F42: 703 | G42: =+F42-E42 -> 118 | H42: =(F42-E42)/ABS(E42) -> 0.2017094 | I42: 667.125 | J42: 813 | K42: =J42-I42 -> 145.875 | L42: =(J42-I42)/ABS(I42) -> 0.21866217 | M42: COM | O42: =E42-'315805 - P0824'!F42 -> 60 | P42: =I42-'315805 - P0824'!J42 -> 68.423077
A43: 41 | D43: 2610F - 2X6X10 #2 AND BTR HEM FIR | E43: 585 | F43: =F42 -> 703 | G43: =+F43-E43 -> 118 | H43: =(F43-E43)/ABS(E43) -> 0.2017094 | I43: 667.125 | J43: =J42 -> 813 | K43: =J43-I43 -> 145.875 | L43: =(J43-I43)/ABS(I43) -> 0.21866217 | M43: COM | O43: =E43-'315805 - P0824'!F43 -> 60 | P43: =I43-'315805 - P0824'!J43 -> 68.423077
A44: 42 | D44: 2612F - 2X6X12 #2 AND BTR HEM FIR | E44: 585 | F44: =F42 -> 703 | G44: =+F44-E44 -> 118 | H44: =(F44-E44)/ABS(E44) -> 0.2017094 | I44: 667.125 | J44: =J42 -> 813 | K44: =J44-I44 -> 145.875 | L44: =(J44-I44)/ABS(I44) -> 0.21866217 | M44: COM | O44: =E44-'315805 - P0824'!F44 -> 60 | P44: =I44-'315805 - P0824'!J44 -> 68.423077
A45: 43 | D45: 2614F - 2X6X14 #2 AND BTR HEM FIR | E45: 585 | F45: =F42 -> 703 | G45: =+F45-E45 -> 118 | H45: =(F45-E45)/ABS(E45) -> 0.2017094 | I45: 667.125 | J45: =J42 -> 813 | K45: =J45-I45 -> 145.875 | L45: =(J45-I45)/ABS(I45) -> 0.21866217 | M45: COM | O45: =E45-'315805 - P0824'!F45 -> 60 | P45: =I45-'315805 - P0824'!J45 -> 68.423077
A46: 44 | D46: 2616F - 2X6X16 #2 AND BTR HEM FIR | E46: 585 | F46: =F42 -> 703 | G46: =+F46-E46 -> 118 | H46: =(F46-E46)/ABS(E46) -> 0.2017094 | I46: 667.125 | J46: =J42 -> 813 | K46: =J46-I46 -> 145.875 | L46: =(J46-I46)/ABS(I46) -> 0.21866217 | M46: COM | O46: =E46-'315805 - P0824'!F46 -> 60 | P46: =I46-'315805 - P0824'!J46 -> 68.423077
A47: 45 | D47: 2618F - 2X6 X 18' #2&BTR HEM FIR | E47: 585 | F47: =F42 -> 703 | G47: =+F47-E47 -> 118 | H47: =(F47-E47)/ABS(E47) -> 0.2017094 | I47: 667.125 | J47: =J42 -> 813 | K47: =J47-I47 -> 145.875 | L47: =(J47-I47)/ABS(I47) -> 0.21866217 | M47: COM | O47: =E47-'315805 - P0824'!F47 -> 60 | P47: =I47-'315805 - P0824'!J47 -> 68.423077
A48: 46 | D48: 2620F - 2X6X20 #2 & BTR HEM FIR | E48: 585 | F48: =F42 -> 703 | G48: =+F48-E48 -> 118 | H48: =(F48-E48)/ABS(E48) -> 0.2017094 | I48: 667.125 | J48: =J42 -> 813 | K48: =J48-I48 -> 145.875 | L48: =(J48-I48)/ABS(I48) -> 0.21866217 | M48: COM | O48: =E48-'315805 - P0824'!F48 -> 60 | P48: =I48-'315805 - P0824'!J48 -> 68.423077
A49: 47 | D49: 26RLF - 2X6 R/L #2 & BTR HEM FIR | E49: 585 | F49: =F43 -> 703 | G49: =+F49-E49 -> 118 | H49: =(F49-E49)/ABS(E49) -> 0.2017094 | I49: 667.125 | J49: =J43 -> 813 | K49: =J49-I49 -> 145.875 | L49: =(J49-I49)/ABS(I49) -> 0.21866217 | M49: COM | O49: =E49-'315805 - P0824'!F49 -> 60 | P49: =I49-'315805 - P0824'!J49 -> 68.423077
A50: 48 | D50: 2810F - 2X8X10 #2 AND BTR HEM FIR | E50: 520 | F50: 568 | G50: =+F50-E50 -> 48 | H50: =(F50-E50)/ABS(E50) -> 0.092307692 | I50: 643.71865 | J50: 625 | K50: =J50-I50 -> -18.718654 | L50: =(J50-I50)/ABS(I50) -> -0.029078937 | M50: COM | O50: =E50-'315805 - P0824'!F50 -> 40 | P50: =I50-'315805 - P0824'!J50 -> 49.51682
A51: 49 | D51: 2812F - 2X8X12 #2 AND BTR HEM FIR | E51: 520 | F51: =F50 -> 568 | G51: =+F51-E51 -> 48 | H51: =(F51-E51)/ABS(E51) -> 0.092307692 | I51: 643.71865 | J51: =J50 -> 625 | K51: =J51-I51 -> -18.718654 | L51: =(J51-I51)/ABS(I51) -> -0.029078937 | M51: COM | O51: =E51-'315805 - P0824'!F51 -> 40 | P51: =I51-'315805 - P0824'!J51 -> 49.51682
A52: 50 | D52: 2814F - 2X8X14 #2 AND BTR HEM FIR | E52: 520 | F52: =F50 -> 568 | G52: =+F52-E52 -> 48 | H52: =(F52-E52)/ABS(E52) -> 0.092307692 | I52: 643.71865 | J52: =J50 -> 625 | K52: =J52-I52 -> -18.718654 | L52: =(J52-I52)/ABS(I52) -> -0.029078937 | M52: COM | O52: =E52-'315805 - P0824'!F52 -> 40 | P52: =I52-'315805 - P0824'!J52 -> 49.51682
A53: 51 | D53: 2816F - 2X8X16 #2 AND BTR HEM FIR | E53: 520 | F53: =F50 -> 568 | G53: =+F53-E53 -> 48 | H53: =(F53-E53)/ABS(E53) -> 0.092307692 | I53: 643.71865 | J53: =J50 -> 625 | K53: =J53-I53 -> -18.718654 | L53: =(J53-I53)/ABS(I53) -> -0.029078937 | M53: COM | O53: =E53-'315805 - P0824'!F53 -> 40 | P53: =I53-'315805 - P0824'!J53 -> 49.51682
A54: 52 | D54: 2108F - 2X10X8 #2 AND BTR HEM FIR | E54: 558 | F54: 743 | G54: =+F54-E54 -> 185 | H54: =(F54-E54)/ABS(E54) -> 0.33154122 | I54: 890.53273 | J54: 817 | K54: =J54-I54 -> -73.532731 | L54: =(J54-I54)/ABS(I54) -> -0.082571621 | M54: COM | O54: =E54-'315805 - P0824'!F54 -> 45 | P54: =I54-'315805 - P0824'!J54 -> 71.817156
A55: 53 | D55: 21010F - 2X10X10 #2 AND BTR HEM FIR | E55: 558 | F55: =F54 -> 743 | G55: =+F55-E55 -> 185 | H55: =(F55-E55)/ABS(E55) -> 0.33154122 | I55: 890.53273 | J55: =J54 -> 817 | K55: =J55-I55 -> -73.532731 | L55: =(J55-I55)/ABS(I55) -> -0.082571621 | M55: COM | O55: =E55-'315805 - P0824'!F55 -> 45 | P55: =I55-'315805 - P0824'!J55 -> 71.817156
A56: 54 | D56: 21012F - 2X10X12 #2 AND BTR HEM FIR | E56: 558 | F56: =F54 -> 743 | G56: =+F56-E56 -> 185 | H56: =(F56-E56)/ABS(E56) -> 0.33154122 | I56: 890.53273 | J56: =J54 -> 817 | K56: =J56-I56 -> -73.532731 | L56: =(J56-I56)/ABS(I56) -> -0.082571621 | M56: COM | O56: =E56-'315805 - P0824'!F56 -> 45 | P56: =I56-'315805 - P0824'!J56 -> 71.817156
A57: 55 | D57: 21014F - 2X10X14 #2 AND BTR HEM FIR | E57: 558 | F57: =F54 -> 743 | G57: =+F57-E57 -> 185 | H57: =(F57-E57)/ABS(E57) -> 0.33154122 | I57: 890.53273 | J57: =J54 -> 817 | K57: =J57-I57 -> -73.532731 | L57: =(J57-I57)/ABS(I57) -> -0.082571621 | M57: COM | O57: =E57-'315805 - P0824'!F57 -> 45 | P57: =I57-'315805 - P0824'!J57 -> 71.817156
A58: 56 | D58: 21016F - 2X10X16 #2 AND BTR HEM FIR | E58: 558 | F58: =F54 -> 743 | G58: =+F58-E58 -> 185 | H58: =(F58-E58)/ABS(E58) -> 0.33154122 | I58: 890.53273 | J58: =J54 -> 817 | K58: =J58-I58 -> -73.532731 | L58: =(J58-I58)/ABS(I58) -> -0.082571621 | M58: COM | O58: =E58-'315805 - P0824'!F58 -> 45 | P58: =I58-'315805 - P0824'!J58 -> 71.817156
A59: 57 | D59: 21210F - 2X12X10 #2 AND BTR HEM FIR | E59: 628 | F59: 631 | G59: =+F59-E59 -> 3 | H59: =(F59-E59)/ABS(E59) -> 0.0047770701 | I59: 902.31227 | J59: 694 | K59: =J59-I59 -> -208.31227 | L59: =(J59-I59)/ABS(I59) -> -0.23086494 | M59: COM | O59: =E59-'315805 - P0824'!F59 -> 115 | P59: =I59-'315805 - P0824'!J59 -> 165.23234
A60: 58 | D60: 21212F - 2X12X12 #2 AND BTR HEM FIR | E60: 628 | F60: =F59 -> 631 | G60: =+F60-E60 -> 3 | H60: =(F60-E60)/ABS(E60) -> 0.0047770701 | I60: 902.31227 | J60: =J59 -> 694 | K60: =J60-I60 -> -208.31227 | L60: =(J60-I60)/ABS(I60) -> -0.23086494 | M60: COM | O60: =E60-'315805 - P0824'!F60 -> 115 | P60: =I60-'315805 - P0824'!J60 -> 165.23234
A61: 59 | D61: 21214F - 2X12X14 #2 AND BTR HEM FIR | E61: 628 | F61: =F59 -> 631 | G61: =+F61-E61 -> 3 | H61: =(F61-E61)/ABS(E61) -> 0.0047770701 | I61: 902.31227 | J61: =J59 -> 694 | K61: =J61-I61 -> -208.31227 | L61: =(J61-I61)/ABS(I61) -> -0.23086494 | M61: COM | O61: =E61-'315805 - P0824'!F61 -> 115 | P61: =I61-'315805 - P0824'!J61 -> 165.23234
A62: 60 | D62: 21216F - 2X12X16 #2 AND BTR HEM FIR | E62: 628 | F62: =F59 -> 631 | G62: =+F62-E62 -> 3 | H62: =(F62-E62)/ABS(E62) -> 0.0047770701 | I62: 902.31227 | J62: =J59 -> 694 | K62: =J62-I62 -> -208.31227 | L62: =(J62-I62)/ABS(I62) -> -0.23086494 | M62: COM | O62: =E62-'315805 - P0824'!F62 -> 115 | P62: =I62-'315805 - P0824'!J62 -> 165.23234
A63: 61 | H63: =AVERAGE(H34:H62) -> 0.19628113 | L63: =AVERAGE(L34:L62) -> 0.068773387
A64: 62 | D64: DOUG FIR
A65: 63 | D65: 268F - 2X6X8 #2 AND BTR DOUG FIR | E65: 550 | F65: 735 | G65: =+F65-E65 -> 185 | H65: =(F65-E65)/ABS(E65) -> 0.33636364 | I65: 670.81967 | J65: 809 | K65: =J65-I65 -> 138.18033 | L65: =(J65-I65)/ABS(I65) -> 0.20598729 | M65: COM | O65: =E65-'315805 - P0824'!F65 -> 30 | P65: =I65-'315805 - P0824'!J65 -> 36.590164
A66: 64 | D66: 2610F - 2X6X10 #2 AND BTR DOUG FIR | E66: 550 | F66: =F65 -> 735 | G66: =+F66-E66 -> 185 | H66: =(F66-E66)/ABS(E66) -> 0.33636364 | I66: 670.81967 | J66: =J65 -> 809 | K66: =J66-I66 -> 138.18033 | L66: =(J66-I66)/ABS(I66) -> 0.20598729 | M66: COM | O66: =E66-'315805 - P0824'!F66 -> 30 | P66: =I66-'315805 - P0824'!J66 -> 36.590164
A67: 65 | D67: 2612F - 2X6X12 #2 AND BTR DOUG FIR | E67: 550 | F67: =F65 -> 735 | G67: =+F67-E67 -> 185 | H67: =(F67-E67)/ABS(E67) -> 0.33636364 | I67: 670.81967 | J67: =J65 -> 809 | K67: =J67-I67 -> 138.18033 | L67: =(J67-I67)/ABS(I67) -> 0.20598729 | M67: COM | O67: =E67-'315805 - P0824'!F67 -> 30 | P67: =I67-'315805 - P0824'!J67 -> 36.590164
A68: 66 | D68: 2614F - 2X6X14 #2 AND BTR DOUG FIR | E68: 550 | F68: =F65 -> 735 | G68: =+F68-E68 -> 185 | H68: =(F68-E68)/ABS(E68) -> 0.33636364 | I68: 670.81967 | J68: =J65 -> 809 | K68: =J68-I68 -> 138.18033 | L68: =(J68-I68)/ABS(I68) -> 0.20598729 | M68: COM | O68: =E68-'315805 - P0824'!F68 -> 30 | P68: =I68-'315805 - P0824'!J68 -> 36.590164
A69: 67 | D69: 2616F - 2X6X16 #2 AND BTR DOUG FIR | E69: 550 | F69: =F65 -> 735 | G69: =+F69-E69 -> 185 | H69: =(F69-E69)/ABS(E69) -> 0.33636364 | I69: 670.81967 | J69: =J65 -> 809 | K69: =J69-I69 -> 138.18033 | L69: =(J69-I69)/ABS(I69) -> 0.20598729 | M69: COM | O69: =E69-'315805 - P0824'!F69 -> 30 | P69: =I69-'315805 - P0824'!J69 -> 36.590164
A70: 68 | D70: 2618F - 2X6 X 18' #2&BTR DOUG FIR | E70: 550 | F70: =F65 -> 735 | G70: =+F70-E70 -> 185 | H70: =(F70-E70)/ABS(E70) -> 0.33636364 | I70: 670.81967 | J70: =J65 -> 809 | K70: =J70-I70 -> 138.18033 | L70: =(J70-I70)/ABS(I70) -> 0.20598729 | M70: COM | O70: =E70-'315805 - P0824'!F70 -> 30 | P70: =I70-'315805 - P0824'!J70 -> 36.590164
A71: 69 | D71: 2620F - 2X6X20 #2 AND BTR DOUG FIR | E71: 550 | F71: =F67 -> 735 | G71: =+F71-E71 -> 185 | H71: =(F71-E71)/ABS(E71) -> 0.33636364 | I71: 670.81967 | J71: =J67 -> 809 | K71: =J71-I71 -> 138.18033 | L71: =(J71-I71)/ABS(I71) -> 0.20598729 | M71: COM | O71: =E71-'315805 - P0824'!F71 -> 30 | P71: =I71-'315805 - P0824'!J71 -> 36.590164
A72: 70 | D72: 288DF - 2X8X8 #2 AND BTR DOUG FIR | E72: 550 | F72: 676 | G72: =+F72-E72 -> 126 | H72: =(F72-E72)/ABS(E72) -> 0.22909091 | I72: 771.44837 | J72: 778 | K72: =J72-I72 -> 6.5516286 | L72: =(J72-I72)/ABS(I72) -> 0.0084926338 | M72: COM | O72: =E72-'315805 - P0824'!F72 -> -113 | P72: =I72-'315805 - P0824'!J72 -> -158.49757
A73: 71 | D73: 2810DF - 2X8X10 #2 AND BTR DOUG FIR | E73: 550 | F73: =F72 -> 676 | G73: =+F73-E73 -> 126 | H73: =(F73-E73)/ABS(E73) -> 0.22909091 | I73: 771.44837 | J73: =J72 -> 778 | K73: =J73-I73 -> 6.5516286 | L73: =(J73-I73)/ABS(I73) -> 0.0084926338 | M73: COM | O73: =E73-'315805 - P0824'!F73 -> -113 | P73: =I73-'315805 - P0824'!J73 -> -158.49757
A74: 72 | D74: 2812DF - 2X8X12 #2 AND BTR DOUG FIR | E74: 550 | F74: =F72 -> 676 | G74: =+F74-E74 -> 126 | H74: =(F74-E74)/ABS(E74) -> 0.22909091 | I74: 771.44837 | J74: =J72 -> 778 | K74: =J74-I74 -> 6.5516286 | L74: =(J74-I74)/ABS(I74) -> 0.0084926338 | M74: COM | O74: =E74-'315805 - P0824'!F74 -> -113 | P74: =I74-'315805 - P0824'!J74 -> -158.49757
A75: 73 | D75: 2814DF - 2X8X14 #2 AND BTR DOUG FIR | E75: 550 | F75: =F72 -> 676 | G75: =+F75-E75 -> 126 | H75: =(F75-E75)/ABS(E75) -> 0.22909091 | I75: 771.44837 | J75: =J72 -> 778 | K75: =J75-I75 -> 6.5516286 | L75: =(J75-I75)/ABS(I75) -> 0.0084926338 | M75: COM | O75: =E75-'315805 - P0824'!F75 -> -113 | P75: =I75-'315805 - P0824'!J75 -> -158.49757
A76: 74 | D76: 2816DF - 2X8X16 #2 AND BTR DOUG FIR | E76: 550 | F76: =F72 -> 676 | G76: =+F76-E76 -> 126 | H76: =(F76-E76)/ABS(E76) -> 0.22909091 | I76: 771.44837 | J76: =J72 -> 778 | K76: =J76-I76 -> 6.5516286 | L76: =(J76-I76)/ABS(I76) -> 0.0084926338 | M76: COM | O76: =E76-'315805 - P0824'!F76 -> -113 | P76: =I76-'315805 - P0824'!J76 -> -158.49757
A77: 75 | D77: 2820DF - 2X8X20 #2 AND BTR DOUG FIR | E77: 550 | F77: =F74 -> 676 | G77: =+F77-E77 -> 126 | H77: =(F77-E77)/ABS(E77) -> 0.22909091 | I77: 771.44837 | J77: =J74 -> 778 | K77: =J77-I77 -> 6.5516286 | L77: =(J77-I77)/ABS(I77) -> 0.0084926338 | M77: COM | O77: =E77-'315805 - P0824'!F77 -> -113 | P77: =I77-'315805 - P0824'!J77 -> -158.49757
A78: 76 | D78: 2108DF - 2X10X8 #2 AND BTR DOUG FIR | E78: 738 | F78: 1021 | G78: =+F78-E78 -> 283 | H78: =(F78-E78)/ABS(E78) -> 0.38346883 | I78: 934.28482 | J78: 1174 | K78: =J78-I78 -> 239.71518 | L78: =(J78-I78)/ABS(I78) -> 0.25657613 | M78: COM | O78: =E78-'315805 - P0824'!F78 -> 18 | P78: =I78-'315805 - P0824'!J78 -> 22.787435
A79: 77 | D79: 21010DF - 2X10X10 #2 AND BTR DOUG FIR | E79: 738 | F79: =F78 -> 1021 | G79: =+F79-E79 -> 283 | H79: =(F79-E79)/ABS(E79) -> 0.38346883 | I79: 934.28482 | J79: =J78 -> 1174 | K79: =J79-I79 -> 239.71518 | L79: =(J79-I79)/ABS(I79) -> 0.25657613 | M79: COM | O79: =E79-'315805 - P0824'!F79 -> 18 | P79: =I79-'315805 - P0824'!J79 -> 22.787435
A80: 78 | D80: 21012DF - 2X10X12 #2 AND BTR DOUG FIR | E80: 738 | F80: =F78 -> 1021 | G80: =+F80-E80 -> 283 | H80: =(F80-E80)/ABS(E80) -> 0.38346883 | I80: 934.28482 | J80: =J78 -> 1174 | K80: =J80-I80 -> 239.71518 | L80: =(J80-I80)/ABS(I80) -> 0.25657613 | M80: COM | O80: =E80-'315805 - P0824'!F80 -> 18 | P80: =I80-'315805 - P0824'!J80 -> 22.787435
A81: 79 | D81: 21014DF - 2X10X14 #2 AND BTR DOUG FIR | E81: 738 | F81: =F78 -> 1021 | G81: =+F81-E81 -> 283 | H81: =(F81-E81)/ABS(E81) -> 0.38346883 | I81: 934.28482 | J81: =J78 -> 1174 | K81: =J81-I81 -> 239.71518 | L81: =(J81-I81)/ABS(I81) -> 0.25657613 | M81: COM | O81: =E81-'315805 - P0824'!F81 -> 18 | P81: =I81-'315805 - P0824'!J81 -> 22.787435
A82: 80 | D82: 21016DF - 2X10X16 #2 AND BTR DOUG FIR | E82: 738 | F82: =F78 -> 1021 | G82: =+F82-E82 -> 283 | H82: =(F82-E82)/ABS(E82) -> 0.38346883 | I82: 934.28482 | J82: =J78 -> 1174 | K82: =J82-I82 -> 239.71518 | L82: =(J82-I82)/ABS(I82) -> 0.25657613 | M82: COM | O82: =E82-'315805 - P0824'!F82 -> 18 | P82: =I82-'315805 - P0824'!J82 -> 22.787435
A83: 81 | D83: 21020DF - 2X10X20 #2 AND BTR DOUG FIR | E83: 738 | F83: =F80 -> 1021 | G83: =+F83-E83 -> 283 | H83: =(F83-E83)/ABS(E83) -> 0.38346883 | I83: 934.28482 | J83: =J80 -> 1174 | K83: =J83-I83 -> 239.71518 | L83: =(J83-I83)/ABS(I83) -> 0.25657613 | M83: COM | O83: =E83-'315805 - P0824'!F83 -> 18 | P83: =I83-'315805 - P0824'!J83 -> 22.787435
A84: 82 | D84: 2128DF - 2X12X8 #2 AND BTR DOUG FIR | E84: 823 | F84: 1011 | G84: =+F84-E84 -> 188 | H84: =(F84-E84)/ABS(E84) -> 0.22843256 | I84: 1054.245 | J84: 1163 | K84: =J84-I84 -> 108.75495 | L84: =(J84-I84)/ABS(I84) -> 0.10315908 | M84: COM | O84: =E84-'315805 - P0824'!F84 -> 70 | P84: =I84-'315805 - P0824'!J84 -> 89.668473
A85: 83 | D85: 21210DF - 2X12X10 #2 AND BTR DOUG FIR | E85: 823 | F85: =F84 -> 1011 | G85: =+F85-E85 -> 188 | H85: =(F85-E85)/ABS(E85) -> 0.22843256 | I85: 1054.245 | J85: =J84 -> 1163 | K85: =J85-I85 -> 108.75495 | L85: =(J85-I85)/ABS(I85) -> 0.10315908 | M85: COM | O85: =E85-'315805 - P0824'!F85 -> 70 | P85: =I85-'315805 - P0824'!J85 -> 89.668473
A86: 84 | D86: 21212DF - 2X12X12 #2 AND BTR DOUG FIR | E86: 823 | F86: =F84 -> 1011 | G86: =+F86-E86 -> 188 | H86: =(F86-E86)/ABS(E86) -> 0.22843256 | I86: 1054.245 | J86: =J84 -> 1163 | K86: =J86-I86 -> 108.75495 | L86: =(J86-I86)/ABS(I86) -> 0.10315908 | M86: COM | O86: =E86-'315805 - P0824'!F86 -> 70 | P86: =I86-'315805 - P0824'!J86 -> 89.668473
A87: 85 | D87: 21214DF - 2X12X14 #2 AND BTR DOUG FIR | E87: 823 | F87: =F84 -> 1011 | G87: =+F87-E87 -> 188 | H87: =(F87-E87)/ABS(E87) -> 0.22843256 | I87: 1054.245 | J87: =J84 -> 1163 | K87: =J87-I87 -> 108.75495 | L87: =(J87-I87)/ABS(I87) -> 0.10315908 | M87: COM | O87: =E87-'315805 - P0824'!F87 -> 70 | P87: =I87-'315805 - P0824'!J87 -> 89.668473
A88: 86 | D88: 21216DF - 2X12X16 #2 AND BTR DOUG FIR | E88: 823 | F88: =F84 -> 1011 | G88: =+F88-E88 -> 188 | H88: =(F88-E88)/ABS(E88) -> 0.22843256 | I88: 1054.245 | J88: =J84 -> 1163 | K88: =J88-I88 -> 108.75495 | L88: =(J88-I88)/ABS(I88) -> 0.10315908 | M88: COM | O88: =E88-'315805 - P0824'!F88 -> 70 | P88: =I88-'315805 - P0824'!J88 -> 89.668473
A89: 87 | D89: 21220DF - 2X12X20 #2 AND BTR DOUG FIR | E89: 823 | F89: =F86 -> 1011 | G89: =+F89-E89 -> 188 | H89: =(F89-E89)/ABS(E89) -> 0.22843256 | I89: 1054.245 | J89: =J86 -> 1163 | K89: =J89-I89 -> 108.75495 | L89: =(J89-I89)/ABS(I89) -> 0.10315908 | M89: COM | O89: =E89-'315805 - P0824'!F89 -> 70 | P89: =I89-'315805 - P0824'!J89 -> 89.668473
A90: 88 | C90: DH | D90: 448DF - 4X4 8' S4S #2 GRN DOUG FIR | E90: 12.85 | F90: =4*4*8/12*1.29 -> 13.76 | G90: =+F90-E90 -> 0.91 | H90: =(F90-E90)/ABS(E90) -> 0.070817121 | I90: 2580.3146 | J90: =(I90*H90)+I90 -> 2763.0451 | K90: =J90-I90 -> 182.73045 | L90: =(J90-I90)/ABS(I90) -> 0.070817121 | M90: COM | O90: =E90-'315805 - P0824'!F90 -> 0 | P90: =I90-'315805 - P0824'!J90 -> 0
A91: 89 | D91: End of Dimensional Lumber | H91: =AVERAGE(H65:H90) -> 0.28735832 | L91: =AVERAGE(L65:L89) -> 0.14605112
A92: 90 | D92: Sheet Goods | M92: COM | O92: =E92-'315805 - P0824'!F92 -> 0 | P92: =I92-'315805 - P0824'!J92 -> 0
A93: 91 | D93: 48716OSB - 4X8 7/16" OSB | E93: 381 | F93: 395 | G93: =+F93-E93 -> 14 | H93: =(F93-E93)/ABS(E93) -> 0.036745407 | I93: 432.0838 | J93: 427 | K93: =J93-I93 -> -5.0837989 | L93: =(J93-I93)/ABS(I93) -> -0.011765771 | M93: COM | O93: =E93-'315805 - P0824'!F93 -> -14 | P93: =I93-'315805 - P0824'!J93 -> -15.877095
A94: 92 | D94: 49716OSB - 4X9X7/16 OSB ORIENTED STRANDBOARD | E94: 401 | F94: 415 | G94: =+F94-E94 -> 14 | H94: =(F94-E94)/ABS(E94) -> 0.034912718 | I94: 461.48191 | J94: 448 | K94: =J94-I94 -> -13.481913 | L94: =(J94-I94)/ABS(I94) -> -0.029214391 | M94: COM | O94: =E94-'315805 - P0824'!F94 -> -14 | P94: =I94-'315805 - P0824'!J94 -> -16.111588
A95: 93 | D95: 410716OSB - 4X10-7/16" OSB | E95: 401 | F95: 415 | G95: =+F95-E95 -> 14 | H95: =(F95-E95)/ABS(E95) -> 0.034912718 | I95: 458.77744 | J95: 448 | K95: =J95-I95 -> -10.777437 | L95: =(J95-I95)/ABS(I95) -> -0.023491646 | M95: COM | O95: =E95-'315805 - P0824'!F95 -> -14 | P95: =I95-'315805 - P0824'!J95 -> -16.017167
A96: 94 | D96: 481532OSB - 4X8 15/32 OSB | E96: 406 | F96: 423 | G96: =+F96-E96 -> 17 | H96: =(F96-E96)/ABS(E96) -> 0.041871921 | I96: 478.5617 | J96: 456 | K96: =J96-I96 -> -22.561702 | L96: =(J96-I96)/ABS(I96) -> -0.047144813 | M96: COM | O96: =E96-'315805 - P0824'!F96 -> -9 | P96: =I96-'315805 - P0824'!J96 -> -10.608511
A97: 95 | D97: 4834OSBTG - 4x8 23/32" T&G OSB SUB-FLOORING | E97: 633 | F97: 645 | G97: =+F97-E97 -> 12 | H97: =(F97-E97)/ABS(E97) -> 0.018957346 | I97: 744.59271 | J97: 696 | K97: =J97-I97 -> -48.592705 | L97: =(J97-I97)/ABS(I97) -> -0.065260786 | M97: COM | O97: =E97-'315805 - P0824'!F97 -> 0 | P97: =I97-'315805 - P0824'!J97 -> 0
A98: 96 | C98: DH | D98: 4812NC - 4X8-1/2" CDX NON-COM INTERIOR FIRE RETARDANT | E98: 930 | F98: 900 | G98: =+F98-E98 -> -30 | H98: =(F98-E98)/ABS(E98) -> -0.032258065 | I98: 1108.2902 | J98: =(I98*H98)+I98 -> 1072.5389 | K98: =J98-I98 -> -35.751295 | L98: =(J98-I98)/ABS(I98) -> -0.032258065 | M98: COM | O98: =E98-'315805 - P0824'!F98 -> 0 | P98: =I98-'315805 - P0824'!J98 -> 0
A99: 97 | C99: DH | D99: 4812PT - 4X8 1/2" TREATED PLYWOOD.60 FOUNDATION CDX | E99: 1127 | F99: 1076 | G99: =+F99-E99 -> -51 | H99: =(F99-E99)/ABS(E99) -> -0.045252884 | I99: 1480.3327 | J99: =(I99*H99)+I99 -> 1413.3433 | K99: =J99-I99 -> -66.989322 | L99: =(J99-I99)/ABS(I99) -> -0.045252884 | M99: COM | O99: =E99-'315805 - P0824'!F99 -> 0 | P99: =I99-'315805 - P0824'!J99 -> 0
A100: 98 | D100: 4858GYP - 4X8X5/8 EXTERIOR DRYWALL GYP SHEATING | E100: 17.6 | F100: 17.6 | G100: =+F100-E100 -> 0 | H100: =(F100-E100)/ABS(E100) -> 0 | I100: 47.120192 | J100: =(I100*H100)+I100 -> 47.120192 | K100: =J100-I100 -> 0 | L100: =(J100-I100)/ABS(I100) -> 0 | M100: COM | O100: =E100-'315805 - P0824'!F100 -> 0 | P100: =I100-'315805 - P0824'!J100 -> 0
...

Sheet 317421 - P1024
E1: RANDOM LENGTH | F1: RANDOM LENGTH | I1: SELL PRICE | J1: SELL PRICE | M1: TYPE
B2: PROJECT | C2: SUPPLIER | D2: Product Code & Description | E2: P09 2024 SEPTEMBER 08/09/24 | F2: P10 2024 OCTOBER 09/13/24 | I2: P09 2024 SEPTEMBER 08/09/24 | J2: P10 2024 OCTOBER 09/13/24
A3: 1 | D3: Treated Materials | M3: COM
A4: 2 | C4: DH | D4: 2412BT - 2X4 12' Blue Borate Treated | E4: 706 | F4: 706 | G4: =+F4-E4 -> 0 | H4: =(F4-E4)/ABS(E4) -> 0 | I4: 851.61761 | J4: 852 | K4: =J4-I4 -> 0.38238702 | L4: =(J4-I4)/ABS(I4) -> 0.00044901258 | M4: COM | O4: =E4-'315805 - P0824'!F4 -> 35 | P4: =I4-'315805 - P0824'!J4 -> 42.219003
A5: 3 | D5: 2414BT - 2X4 14' Blue Borate Treated | E5: 706 | F5: =F4 -> 706 | G5: =+F5-E5 -> 0 | H5: =(F5-E5)/ABS(E5) -> 0 | I5: 851.61761 | J5: 852 | K5: =J5-I5 -> 0.38238702 | L5: =(J5-I5)/ABS(I5) -> 0.00044901258 | M5: COM | O5: =E5-'315805 - P0824'!F5 -> 35 | P5: =I5-'315805 - P0824'!J5 -> 42.219003
A6: 4 | D6: 2416BT - 2X4 16' Blue Borate Treated | E6: 706 | F6: =F4 -> 706 | G6: =+F6-E6 -> 0 | H6: =(F6-E6)/ABS(E6) -> 0 | I6: 851.61761 | J6: 852 | K6: =J6-I6 -> 0.38238702 | L6: =(J6-I6)/ABS(I6) -> 0.00044901258 | M6: COM | O6: =E6-'315805 - P0824'!F6 -> 35 | P6: =I6-'315805 - P0824'!J6 -> 42.219003
A7: 5 | C7: DH | D7: 2612BT - 2X6 12' Blue Borate Treated | E7: 636 | F7: 606 | G7: =+F7-E7 -> -30 | H7: =(F7-E7)/ABS(E7) -> -0.047169811 | I7: 820.97525 | J7: 821 | K7: =J7-I7 -> 0.024752475 | L7: =(J7-I7)/ABS(I7) -> 3.0150087e-05 | M7: COM | O7: =E7-'315805 - P0824'!F7 -> 30 | P7: =I7-'315805 - P0824'!J7 -> 38.725248
A8: 6 | D8: 2614BT - 2X6 14' Blue Borate Treated | E8: 636 | F8: =F7 -> 606 | G8: =+F8-E8 -> -30 | H8: =(F8-E8)/ABS(E8) -> -0.047169811 | I8: 820.97525 | J8: 821 | K8: =J8-I8 -> 0.024752475 | L8: =(J8-I8)/ABS(I8) -> 3.0150087e-05 | M8: COM | O8: =E8-'315805 - P0824'!F8 -> 30 | P8: =I8-'315805 - P0824'!J8 -> 38.725248
A9: 7 | D9: 2616BT - 2X6 16' Blue Borate Treated | E9: 636 | F9: =F7 -> 606 | G9: =+F9-E9 -> -30 | H9: =(F9-E9)/ABS(E9) -> -0.047169811 | I9: 820.97525 | J9: 821 | K9: =J9-I9 -> 0.024752475 | L9: =(J9-I9)/ABS(I9) -> 3.0150087e-05 | M9: COM | O9: =E9-'315805 - P0824'!F9 -> 30 | P9: =I9-'315805 - P0824'!J9 -> 38.725248
A10: 8 | C10: DH | D10: 2412T - 2x4 12' #1 SYP Treated MCA Cedartone | E10: 825 | F10: 825 | G10: =+F10-E10 -> 0 | H10: =(F10-E10)/ABS(E10) -> 0 | I10: 1095.6822 | J10: 1096 | K10: =J10-I10 -> 0.31781267 | L10: =(J10-I10)/ABS(I10) -> 0.00029005917 | M10: COM | O10: =E10-'315805 - P0824'!F10 -> 115 | P10: =I10-'315805 - P0824'!J10 -> 152.73146
A11: 9 | D11: 2416T - 2x4 16' #1 SYP Treated MCA Cedartone | E11: 825 | F11: =F10 -> 825 | G11: =+F11-E11 -> 0 | H11: =(F11-E11)/ABS(E11) -> 0 | I11: 1095.6822 | J11: 1096 | K11: =J11-I11 -> 0.31781267 | L11: =(J11-I11)/ABS(I11) -> 0.00029005917 | M11: COM | O11: =E11-'315805 - P0824'!F11 -> 115 | P11: =I11-'315805 - P0824'!J11 -> 152.73146
A12: 10 | C12: DH | D12: 2612T - 2x6 12' #1 SYP Treated MCA Cedartone | E12: 710 | F12: 685 | G12: =+F12-E12 -> -25 | H12: =(F12-E12)/ABS(E12) -> -0.035211268 | I12: 846.92308 | J12: 847 | K12: =J12-I12 -> 0.076923077 | L12: =(J12-I12)/ABS(I12) -> 9.0826521e-05 | M12: COM | O12: =E12-'315805 - P0824'!F12 -> 25 | P12: =I12-'315805 - P0824'!J12 -> 29.821235
A13: 11 | D13: 2616T - 2x6 16' #1 SYP Treated MCA Cedartone | E13: 710 | F13: =F12 -> 685 | G13: =+F13-E13 -> -25 | H13: =(F13-E13)/ABS(E13) -> -0.035211268 | I13: 846.92308 | J13: 847 | K13: =J13-I13 -> 0.076923077 | L13: =(J13-I13)/ABS(I13) -> 9.0826521e-05 | M13: COM | O13: =E13-'315805 - P0824'!F13 -> 25 | P13: =I13-'315805 - P0824'!J13 -> 29.821235
A14: 12 | D14: 2812T - 2x8 12' #1 SYP Treated MCA Cedartone | E14: 680 | F14: 650 | G14: =+F14-E14 -> -30 | H14: =(F14-E14)/ABS(E14) -> -0.044117647 | I14: 874.08999 | J14: 875 | K14: =J14-I14 -> 0.91000672 | L14: =(J14-I14)/ABS(I14) -> 0.0010410904 | M14: COM | O14: =E14-'315805 - P0824'!F14 -> 20 | P14: =I14-'315805 - P0824'!J14 -> 25.708529
A15: 13 | D15: 2816T - 2x8 16' #1 SYP Treated MCA Cedartone | E15: 680 | F15: =F14 -> 650 | G15: =+F15-E15 -> -30 | H15: =(F15-E15)/ABS(E15) -> -0.044117647 | I15: 874.08999 | J15: 875 | K15: =J15-I15 -> 0.91000672 | L15: =(J15-I15)/ABS(I15) -> 0.0010410904 | M15: COM | O15: =E15-'315805 - P0824'!F15 -> 20 | P15: =I15-'315805 - P0824'!J15 -> 25.708529
A16: 14 | C16: DH | D16: 21012T - 2x10 12' #1 SYP Treated MCA Cedartone | E16: 795 | F16: 750 | G16: =+F16-E16 -> -45 | H16: =(F16-E16)/ABS(E16) -> -0.056603774 | I16: 1119.8387 | J16: 1120 | K16: =J16-I16 -> 0.16129032 | L16: =(J16-I16)/ABS(I16) -> 0.00014402996 | M16: COM | O16: =E16-'315805 - P0824'!F16 -> 15 | P16: =I16-'315805 - P0824'!J16 -> 21.129032
A17: 15 | D17: 21016T - 2x10 16' #1 SYP Treated MCA Cedartone | E17: 795 | F17: =F16 -> 750 | G17: =+F17-E17 -> -45 | H17: =(F17-E17)/ABS(E17) -> -0.056603774 | I17: 1119.8387 | J17: 1120 | K17: =J17-I17 -> 0.16129032 | L17: =(J17-I17)/ABS(I17) -> 0.00014402996 | M17: COM | O17: =E17-'315805 - P0824'!F17 -> 15 | P17: =I17-'315805 - P0824'!J17 -> 21.129032
A18: 16 | C18: DH | D18: 21212T - 2x12 12' #1 SYP Treated MCA Cedartone | E18: 880 | F18: 920 | G18: =+F18-E18 -> 40 | H18: =(F18-E18)/ABS(E18) -> 0.045454545 | I18: 1222.9958 | J18: 1224 | K18: =J18-I18 -> 1.0042194 | L18: =(J18-I18)/ABS(I18) -> 0.00082111437 | M18: COM | O18: =E18-'315805 - P0824'!F18 -> 35 | P18: =I18-'315805 - P0824'!J18 -> 48.641878
A19: 17 | D19: 21216T - 2x12 16' #1 SYP Treated MCA Cedartone | E19: 880 | F19: =F18 -> 920 | G19: =+F19-E19 -> 40 | H19: =(F19-E19)/ABS(E19) -> 0.045454545 | I19: 1222.9958 | J19: 1224 | K19: =J19-I19 -> 1.0042194 | L19: =(J19-I19)/ABS(I19) -> 0.00082111437 | M19: COM | O19: =E19-'315805 - P0824'!F19 -> 35 | P19: =I19-'315805 - P0824'!J19 -> 48.641878
A20: 18 | C20: DH | D20: 21220T - 2x12 20' #1 SYP Treated MCA Cedartone | E20: 1070 | F20: 1120 | G20: =+F20-E20 -> 50 | H20: =(F20-E20)/ABS(E20) -> 0.046728972 | I20: 2159.8757 | J20: 2160 | K20: =J20-I20 -> 0.12425858 | L20: =(J20-I20)/ABS(I20) -> 5.7530429e-05 | M20: COM | O20: =E20-'315805 - P0824'!F20 -> 30 | P20: =I20-'315805 - P0824'!J20 -> 60.557264
A21: 19 | C21: DH | D21: 4410T - 4X4 10' HF Std/btr S4S CEDARTONE GROUND CONTACT | E21: 16.07 | F21: 16.07 | G21: =+F21-E21 -> 0 | H21: =(F21-E21)/ABS(E21) -> 0 | I21: 36.488665 | J21: 37 | K21: =J21-I21 -> 0.51133487 | L21: =(J21-I21)/ABS(I21) -> 0.014013526 | M21: COM | O21: =E21-'315805 - P0824'!F21 -> 0 | P21: =I21-'315805 - P0824'!J21 -> 0
A22: 20 | C22: DH | D22: 6610T - 6X6 10' HF #2 S4S CEDARTONE GROUND CONTACT | E22: 1430 | F22: 1430 | G22: =+F22-E22 -> 0 | H22: =(F22-E22)/ABS(E22) -> 0 | I22: 2041.9222 | J22: 2042 | K22: =J22-I22 -> 0.077803204 | L22: =(J22-I22)/ABS(I22) -> 3.8102923e-05 | M22: COM | O22: =E22-'315805 - P0824'!F22 -> 0 | P22: =I22-'315805 - P0824'!J22 -> 0
A23: 21 | D23: 6612T - 6X6 12' HF #2 S4S CEDARTONE GROUND CONTACT | E23: 1430 | F23: =F22 -> 1430 | G23: =+F23-E23 -> 0 | H23: =(F23-E23)/ABS(E23) -> 0 | I23: 2041.9222 | J23: 2042 | K23: =J23-I23 -> 0.077803204 | L23: =(J23-I23)/ABS(I23) -> 3.8102923e-05 | M23: COM | O23: =E23-'315805 - P0824'!F23 -> 0 | P23: =I23-'315805 - P0824'!J23 -> 0
A24: 22 | D24: End of Treated Materials | H24: =AVERAGE(H4:H23) -> -0.013786837 | L24: =AVERAGE(L4:L23) -> 0.0010179496
A25: 23 | D25: Studs | M25: COM
A26: 24 | D26: 2492F - 2X4 92-5/8 HEM FIR STUD | E26: 441 | F26: 475 | G26: =+F26-E26 -> 34 | H26: =(F26-E26)/ABS(E26) -> 0.077097506 | I26: 654.29675 | J26: 655 | K26: =J26-I26 -> 0.70324646 | L26: =(J26-I26)/ABS(I26) -> 0.0010748127 | M26: COM | O26: =E26-'315805 - P0824'!F26 -> 0 | P26: =I26-'315805 - P0824'!J26 -> 0
A27: 25 | D27: 24104F - 2X4 104-5/8 HEM FIR STUD | E27: 476 | F27: 513 | G27: =+F27-E27 -> 37 | H27: =(F27-E27)/ABS(E27) -> 0.077731092 | I27: 627.94534 | J27: 628 | K27: =J27-I27 -> 0.05466429 | L27: =(J27-I27)/ABS(I27) -> 8.7052625e-05 | M27: COM | O27: =E27-'315805 - P0824'!F27 -> 5 | P27: =I27-'315805 - P0824'!J27 -> 6.5960645
A28: 26 | D28: 24116F - 2X4 116-5/8 HEM FIR STUD | E28: 476 | F28: 513 | G28: =+F28-E28 -> 37 | H28: =(F28-E28)/ABS(E28) -> 0.077731092 | I28: 589.74688 | J28: 590 | K28: =J28-I28 -> 0.25311943 | L28: =(J28-I28)/ABS(I28) -> 0.00042920012 | M28: COM | O28: =E28-'315805 - P0824'!F28 -> 5 | P28: =I28-'315805 - P0824'!J28 -> 6.1948202
A29: 27 | D29: 2692F - 2X6 92-5/8 HEM FIR STUD | E29: 436 | F29: 476 | G29: =+F29-E29 -> 40 | H29: =(F29-E29)/ABS(E29) -> 0.091743119 | I29: 560.47438 | J29: 561 | K29: =J29-I29 -> 0.52562327 | L29: =(J29-I29)/ABS(I29) -> 0.00093781855 | M29: COM | O29: =E29-'315805 - P0824'!F29 -> 5 | P29: =I29-'315805 - P0824'!J29 -> 6.4274584
A30: 28 | D30: 26104F - 2X6 104-5/8 HEM FIR STUD | E30: 541 | F30: 609 | G30: =+F30-E30 -> 68 | H30: =(F30-E30)/ABS(E30) -> 0.12569316 | I30: 684.64138 | J30: 685 | K30: =J30-I30 -> 0.35861979 | L30: =(J30-I30)/ABS(I30) -> 0.00052380676 | M30: COM | O30: =E30-'315805 - P0824'!F30 -> 15 | P30: =I30-'315805 - P0824'!J30 -> 18.982663
A31: 29 | D31: 26116F - 2X6 116-5/8 HEM FIR STUD | E31: 541 | F31: 609 | G31: =+F31-E31 -> 68 | H31: =(F31-E31)/ABS(E31) -> 0.12569316 | I31: 646.77631 | J31: 647 | K31: =J31-I31 -> 0.22368865 | L31: =(J31-I31)/ABS(I31) -> 0.00034585164 | M31: COM | O31: =E31-'315805 - P0824'!F31 -> 15 | P31: =I31-'315805 - P0824'!J31 -> 17.9328
A32: 30 | D32: End of Studs | H32: =AVERAGE(H26:H31) -> 0.095948189 | L32: =AVERAGE(L26:L31) -> 0.00056642373
A33: 31 | D33: Dimensional Lumber | M33: COM
A34: 32 | D34: 248F - 2X4X8 #2 AND BTR HEM FIR | E34: 555 | F34: 590 | G34: =+F34-E34 -> 35 | H34: =(F34-E34)/ABS(E34) -> 0.063063063 | I34: 631.07328 | J34: 632 | K34: =J34-I34 -> 0.92672414 | L34: =(J34-I34)/ABS(I34) -> 0.001468489 | M34: COM | O34: =E34-'315805 - P0824'!F34 -> 15 | P34: =I34-'315805 - P0824'!J34 -> 17.056034
A35: 33 | D35: 2410F - 2X4X10 #2 AND BTR HEM FIR | E35: 555 | F35: =F34 -> 590 | G35: =+F35-E35 -> 35 | H35: =(F35-E35)/ABS(E35) -> 0.063063063 | I35: 631.07328 | J35: 632 | K35: =J35-I35 -> 0.92672414 | L35: =(J35-I35)/ABS(I35) -> 0.001468489 | M35: COM | O35: =E35-'315805 - P0824'!F35 -> 15 | P35: =I35-'315805 - P0824'!J35 -> 17.056034
A36: 34 | D36: 2412F - 2X4X12 #2 AND BTR HEM FIR | E36: 555 | F36: =F34 -> 590 | G36: =+F36-E36 -> 35 | H36: =(F36-E36)/ABS(E36) -> 0.063063063 | I36: 631.07328 | J36: 632 | K36: =J36-I36 -> 0.92672414 | L36: =(J36-I36)/ABS(I36) -> 0.001468489 | M36: COM | O36: =E36-'315805 - P0824'!F36 -> 15 | P36: =I36-'315805 - P0824'!J36 -> 17.056034
A37: 35 | D37: 2414F - 2X4X14 #2 AND BTR HEM FIR | E37: 555 | F37: =F34 -> 590 | G37: =+F37-E37 -> 35 | H37: =(F37-E37)/ABS(E37) -> 0.063063063 | I37: 631.07328 | J37: 632 | K37: =J37-I37 -> 0.92672414 | L37: =(J37-I37)/ABS(I37) -> 0.001468489 | M37: COM | O37: =E37-'315805 - P0824'!F37 -> 15 | P37: =I37-'315805 - P0824'!J37 -> 17.056034
A38: 36 | D38: 2416F - 2X4X16 #2 AND BTR HEM FIR | E38: 555 | F38: =F34 -> 590 | G38: =+F38-E38 -> 35 | H38: =(F38-E38)/ABS(E38) -> 0.063063063 | I38: 631.07328 | J38: 632 | K38: =J38-I38 -> 0.92672414 | L38: =(J38-I38)/ABS(I38) -> 0.001468489 | M38: COM | O38: =E38-'315805 - P0824'!F38 -> 15 | P38: =I38-'315805 - P0824'!J38 -> 17.056034
A39: 37 | D39: 2418F - 2X4X18 #2 AND BTR HEM FIR | E39: 555 | F39: =F34 -> 590 | G39: =+F39-E39 -> 35 | H39: =(F39-E39)/ABS(E39) -> 0.063063063 | I39: 631.07328 | J39: 632 | K39: =J39-I39 -> 0.92672414 | L39: =(J39-I39)/ABS(I39) -> 0.001468489 | M39: COM | O39: =E39-'315805 - P0824'!F39 -> 15 | P39: =I39-'315805 - P0824'!J39 -> 17.056034
A40: 38 | D40: 2420F - 2X4X20 #2 AND BTR HEM FIR | E40: 555 | F40: =F34 -> 590 | G40: =+F40-E40 -> 35 | H40: =(F40-E40)/ABS(E40) -> 0.063063063 | I40: 631.07328 | J40: 632 | K40: =J40-I40 -> 0.92672414 | L40: =(J40-I40)/ABS(I40) -> 0.001468489 | M40: COM | O40: =E40-'315805 - P0824'!F40 -> 15 | P40: =I40-'315805 - P0824'!J40 -> 17.056034
A41: 39 | D41: 242RLF - 2X4 R/L #2 AND BTR HEM FIR | E41: 555 | F41: =F35 -> 590 | G41: =+F41-E41 -> 35 | H41: =(F41-E41)/ABS(E41) -> 0.063063063 | I41: 631.07328 | J41: 632 | K41: =J41-I41 -> 0.92672414 | L41: =(J41-I41)/ABS(I41) -> 0.001468489 | M41: COM | O41: =E41-'315805 - P0824'!F41 -> 15 | P41: =I41-'315805 - P0824'!J41 -> 17.056034
A42: 40 | D42: 268F - 2X6X8 #2 AND BTR HEM FIR | E42: 585 | F42: 600 | G42: =+F42-E42 -> 15 | H42: =(F42-E42)/ABS(E42) -> 0.025641026 | I42: 667.125 | J42: 668 | K42: =J42-I42 -> 0.875 | L42: =(J42-I42)/ABS(I42) -> 0.0013115983 | M42: COM | O42: =E42-'315805 - P0824'!F42 -> 60 | P42: =I42-'315805 - P0824'!J42 -> 68.423077
A43: 41 | D43: 2610F - 2X6X10 #2 AND BTR HEM FIR | E43: 585 | F43: =F42 -> 600 | G43: =+F43-E43 -> 15 | H43: =(F43-E43)/ABS(E43) -> 0.025641026 | I43: 667.125 | J43: 668 | K43: =J43-I43 -> 0.875 | L43: =(J43-I43)/ABS(I43) -> 0.0013115983 | M43: COM | O43: =E43-'315805 - P0824'!F43 -> 60 | P43: =I43-'315805 - P0824'!J43 -> 68.423077
A44: 42 | D44: 2612F - 2X6X12 #2 AND BTR HEM FIR | E44: 585 | F44: =F42 -> 600 | G44: =+F44-E44 -> 15 | H44: =(F44-E44)/ABS(E44) -> 0.025641026 | I44: 667.125 | J44: 668 | K44: =J44-I44 -> 0.875 | L44: =(J44-I44)/ABS(I44) -> 0.0013115983 | M44: COM | O44: =E44-'315805 - P0824'!F44 -> 60 | P44: =I44-'315805 - P0824'!J44 -> 68.423077
A45: 43 | D45: 2614F - 2X6X14 #2 AND BTR HEM FIR | E45: 585 | F45: =F42 -> 600 | G45: =+F45-E45 -> 15 | H45: =(F45-E45)/ABS(E45) -> 0.025641026 | I45: 667.125 | J45: 668 | K45: =J45-I45 -> 0.875 | L45: =(J45-I45)/ABS(I45) -> 0.0013115983 | M45: COM | O45: =E45-'315805 - P0824'!F45 -> 60 | P45: =I45-'315805 - P0824'!J45 -> 68.423077
A46: 44 | D46: 2616F - 2X6X16 #2 AND BTR HEM FIR | E46: 585 | F46: =F42 -> 600 | G46: =+F46-E46 -> 15 | H46: =(F46-E46)/ABS(E46) -> 0.025641026 | I46: 667.125 | J46: 668 | K46: =J46-I46 -> 0.875 | L46: =(J46-I46)/ABS(I46) -> 0.0013115983 | M46: COM | O46: =E46-'315805 - P0824'!F46 -> 60 | P46: =I46-'315805 - P0824'!J46 -> 68.423077
A47: 45 | D47: 2618F - 2X6 X 18' #2&BTR HEM FIR | E47: 585 | F47: =F42 -> 600 | G47: =+F47-E47 -> 15 | H47: =(F47-E47)/ABS(E47) -> 0.025641026 | I47: 667.125 | J47: 668 | K47: =J47-I47 -> 0.875 | L47: =(J47-I47)/ABS(I47) -> 0.0013115983 | M47: COM | O47: =E47-'315805 - P0824'!F47 -> 60 | P47: =I47-'315805 - P0824'!J47 -> 68.423077
A48: 46 | D48: 2620F - 2X6X20 #2 & BTR HEM FIR | E48: 585 | F48: =F42 -> 600 | G48: =+F48-E48 -> 15 | H48: =(F48-E48)/ABS(E48) -> 0.025641026 | I48: 667.125 | J48: 668 | K48: =J48-I48 -> 0.875 | L48: =(J48-I48)/ABS(I48) -> 0.0013115983 | M48: COM | O48: =E48-'315805 - P0824'!F48 -> 60 | P48: =I48-'315805 - P0824'!J48 -> 68.423077
A49: 47 | D49: 26RLF - 2X6 R/L #2 & BTR HEM FIR | E49: 585 | F49: =F43 -> 600 | G49: =+F49-E49 -> 15 | H49: =(F49-E49)/ABS(E49) -> 0.025641026 | I49: 667.125 | J49: 668 | K49: =J49-I49 -> 0.875 | L49: =(J49-I49)/ABS(I49) -> 0.0013115983 | M49: COM | O49: =E49-'315805 - P0824'!F49 -> 60 | P49: =I49-'315805 - P0824'!J49 -> 68.423077
A50: 48 | D50: 2810F - 2X8X10 #2 AND BTR HEM FIR | E50: 520 | F50: 758 | G50: =+F50-E50 -> 238 | H50: =(F50-E50)/ABS(E50) -> 0.45769231 | I50: 643.71865 | J50: 644 | K50: =J50-I50 -> 0.28134557 | L50: =(J50-I50)/ABS(I50) -> 0.00043706294 | M50: COM | O50: =E50-'315805 - P0824'!F50 -> 40 | P50: =I50-'315805 - P0824'!J50 -> 49.51682
A51: 49 | D51: 2812F - 2X8X12 #2 AND BTR HEM FIR | E51: 520 | F51: =F50 -> 758 | G51: =+F51-E51 -> 238 | H51: =(F51-E51)/ABS(E51) -> 0.45769231 | I51: 643.71865 | J51: 644 | K51: =J51-I51 -> 0.28134557 | L51: =(J51-I51)/ABS(I51) -> 0.00043706294 | M51: COM | O51: =E51-'315805 - P0824'!F51 -> 40 | P51: =I51-'315805 - P0824'!J51 -> 49.51682
A52: 50 | D52: 2814F - 2X8X14 #2 AND BTR HEM FIR | E52: 520 | F52: =F50 -> 758 | G52: =+F52-E52 -> 238 | H52: =(F52-E52)/ABS(E52) -> 0.45769231 | I52: 643.71865 | J52: 644 | K52: =J52-I52 -> 0.28134557 | L52: =(J52-I52)/ABS(I52) -> 0.00043706294 | M52: COM | O52: =E52-'315805 - P0824'!F52 -> 40 | P52: =I52-'315805 - P0824'!J52 -> 49.51682
A53: 51 | D53: 2816F - 2X8X16 #2 AND BTR HEM FIR | E53: 520 | F53: =F50 -> 758 | G53: =+F53-E53 -> 238 | H53: =(F53-E53)/ABS(E53) -> 0.45769231 | I53: 643.71865 | J53: 644 | K53: =J53-I53 -> 0.28134557 | L53: =(J53-I53)/ABS(I53) -> 0.00043706294 | M53: COM | O53: =E53-'315805 - P0824'!F53 -> 40 | P53: =I53-'315805 - P0824'!J53 -> 49.51682
A54: 52 | D54: 2108F - 2X10X8 #2 AND BTR HEM FIR | E54: 558 | F54: 768 | G54: =+F54-E54 -> 210 | H54: =(F54-E54)/ABS(E54) -> 0.37634409 | I54: 890.53273 | J54: 891 | K54: =J54-I54 -> 0.46726862 | L54: =(J54-I54)/ABS(I54) -> 0.00052470685 | M54: COM | O54: =E54-'315805 - P0824'!F54 -> 45 | P54: =I54-'315805 - P0824'!J54 -> 71.817156
A55: 53 | D55: 21010F - 2X10X10 #2 AND BTR HEM FIR | E55: 558 | F55: =F54 -> 768 | G55: =+F55-E55 -> 210 | H55: =(F55-E55)/ABS(E55) -> 0.37634409 | I55: 890.53273 | J55: 891 | K55: =J55-I55 -> 0.46726862 | L55: =(J55-I55)/ABS(I55) -> 0.00052470685 | M55: COM | O55: =E55-'315805 - P0824'!F55 -> 45 | P55: =I55-'315805 - P0824'!J55 -> 71.817156
A56: 54 | D56: 21012F - 2X10X12 #2 AND BTR HEM FIR | E56: 558 | F56: =F54 -> 768 | G56: =+F56-E56 -> 210 | H56: =(F56-E56)/ABS(E56) -> 0.37634409 | I56: 890.53273 | J56: 891 | K56: =J56-I56 -> 0.46726862 | L56: =(J56-I56)/ABS(I56) -> 0.00052470685 | M56: COM | O56: =E56-'315805 - P0824'!F56 -> 45 | P56: =I56-'315805 - P0824'!J56 -> 71.817156
A57: 55 | D57: 21014F - 2X10X14 #2 AND BTR HEM FIR | E57: 558 | F57: =F54 -> 768 | G57: =+F57-E57 -> 210 | H57: =(F57-E57)/ABS(E57) -> 0.37634409 | I57: 890.53273 | J57: 891 | K57: =J57-I57 -> 0.46726862 | L57: =(J57-I57)/ABS(I57) -> 0.00052470685 | M57: COM | O57: =E57-'315805 - P0824'!F57 -> 45 | P57: =I57-'315805 - P0824'!J57 -> 71.817156
A58: 56 | D58: 21016F - 2X10X16 #2 AND BTR HEM FIR | E58: 558 | F58: =F54 -> 768 | G58: =+F58-E58 -> 210 | H58: =(F58-E58)/ABS(E58) -> 0.37634409 | I58: 890.53273 | J58: 891 | K58: =J58-I58 -> 0.46726862 | L58: =(J58-I58)/ABS(I58) -> 0.00052470685 | M58: COM | O58: =E58-'315805 - P0824'!F58 -> 45 | P58: =I58-'315805 - P0824'!J58 -> 71.817156
A59: 57 | D59: 21210F - 2X12X10 #2 AND BTR HEM FIR | E59: 628 | F59: 933 | G59: =+F59-E59 -> 305 | H59: =(F59-E59)/ABS(E59) -> 0.48566879 | I59: 902.31227 | J59: 903 | K59: =J59-I59 -> 0.68773234 | L59: =(J59-I59)/ABS(I59) -> 0.00076218884 | M59: COM | O59: =E59-'315805 - P0824'!F59 -> 115 | P59: =I59-'315805 - P0824'!J59 -> 165.23234
A60: 58 | D60: 21212F - 2X12X12 #2 AND BTR HEM FIR | E60: 628 | F60: =F59 -> 933 | G60: =+F60-E60 -> 305 | H60: =(F60-E60)/ABS(E60) -> 0.48566879 | I60: 902.31227 | J60: 903 | K60: =J60-I60 -> 0.68773234 | L60: =(J60-I60)/ABS(I60) -> 0.00076218884 | M60: COM | O60: =E60-'315805 - P0824'!F60 -> 115 | P60: =I60-'315805 - P0824'!J60 -> 165.23234
A61: 59 | D61: 21214F - 2X12X14 #2 AND BTR HEM FIR | E61: 628 | F61: =F59 -> 933 | G61: =+F61-E61 -> 305 | H61: =(F61-E61)/ABS(E61) -> 0.48566879 | I61: 902.31227 | J61: 903 | K61: =J61-I61 -> 0.68773234 | L61: =(J61-I61)/ABS(I61) -> 0.00076218884 | M61: COM | O61: =E61-'315805 - P0824'!F61 -> 115 | P61: =I61-'315805 - P0824'!J61 -> 165.23234
A62: 60 | D62: 21216F - 2X12X16 #2 AND BTR HEM FIR | E62: 628 | F62: =F59 -> 933 | G62: =+F62-E62 -> 305 | H62: =(F62-E62)/ABS(E62) -> 0.48566879 | I62: 902.31227 | J62: 903 | K62: =J62-I62 -> 0.68773234 | L62: =(J62-I62)/ABS(I62) -> 0.00076218884 | M62: COM | O62: =E62-'315805 - P0824'!F62 -> 115 | P62: =I62-'315805 - P0824'!J62 -> 165.23234
A63: 61 | H63: =AVERAGE(H34:H62) -> 0.21947578 | L63: =AVERAGE(L34:L62) -> 0.0010228014
A64: 62 | D64: DOUG FIR
A65: 63 | D65: 268F - 2X6X8 #2 AND BTR DOUG FIR | E65: 550 | F65: 600 | G65: =+F65-E65 -> 50 | H65: =(F65-E65)/ABS(E65) -> 0.090909091 | I65: 670.81967 | J65: 671 | K65: =J65-I65 -> 0.18032787 | L65: =(J65-I65)/ABS(I65) -> 0.0002688172 | M65: COM | O65: =E65-'315805 - P0824'!F65 -> 30 | P65: =I65-'315805 - P0824'!J65 -> 36.590164
A66: 64 | D66: 2610F - 2X6X10 #2 AND BTR DOUG FIR | E66: 550 | F66: =F65 -> 600 | G66: =+F66-E66 -> 50 | H66: =(F66-E66)/ABS(E66) -> 0.090909091 | I66: 670.81967 | J66: 671 | K66: =J66-I66 -> 0.18032787 | L66: =(J66-I66)/ABS(I66) -> 0.0002688172 | M66: COM | O66: =E66-'315805 - P0824'!F66 -> 30 | P66: =I66-'315805 - P0824'!J66 -> 36.590164
A67: 65 | D67: 2612F - 2X6X12 #2 AND BTR DOUG FIR | E67: 550 | F67: =F65 -> 600 | G67: =+F67-E67 -> 50 | H67: =(F67-E67)/ABS(E67) -> 0.090909091 | I67: 670.81967 | J67: 671 | K67: =J67-I67 -> 0.18032787 | L67: =(J67-I67)/ABS(I67) -> 0.0002688172 | M67: COM | O67: =E67-'315805 - P0824'!F67 -> 30 | P67: =I67-'315805 - P0824'!J67 -> 36.590164
A68: 66 | D68: 2614F - 2X6X14 #2 AND BTR DOUG FIR | E68: 550 | F68: =F65 -> 600 | G68: =+F68-E68 -> 50 | H68: =(F68-E68)/ABS(E68) -> 0.090909091 | I68: 670.81967 | J68: 671 | K68: =J68-I68 -> 0.18032787 | L68: =(J68-I68)/ABS(I68) -> 0.0002688172 | M68: COM | O68: =E68-'315805 - P0824'!F68 -> 30 | P68: =I68-'315805 - P0824'!J68 -> 36.590164
A69: 67 | D69: 2616F - 2X6X16 #2 AND BTR DOUG FIR | E69: 550 | F69: =F65 -> 600 | G69: =+F69-E69 -> 50 | H69: =(F69-E69)/ABS(E69) -> 0.090909091 | I69: 670.81967 | J69: 671 | K69: =J69-I69 -> 0.18032787 | L69: =(J69-I69)/ABS(I69) -> 0.0002688172 | M69: COM | O69: =E69-'315805 - P0824'!F69 -> 30 | P69: =I69-'315805 - P0824'!J69 -> 36.590164
A70: 68 | D70: 2618F - 2X6 X 18' #2&BTR DOUG FIR | E70: 550 | F70: =F65 -> 600 | G70: =+F70-E70 -> 50 | H70: =(F70-E70)/ABS(E70) -> 0.090909091 | I70: 670.81967 | J70: 671 | K70: =J70-I70 -> 0.18032787 | L70: =(J70-I70)/ABS(I70) -> 0.0002688172 | M70: COM | O70: =E70-'315805 - P0824'!F70 -> 30 | P70: =I70-'315805 - P0824'!J70 -> 36.590164
A71: 69 | D71: 2620F - 2X6X20 #2 AND BTR DOUG FIR | E71: 550 | F71: =F67 -> 600 | G71: =+F71-E71 -> 50 | H71: =(F71-E71)/ABS(E71) -> 0.090909091 | I71: 670.81967 | J71: 671 | K71: =J71-I71 -> 0.18032787 | L71: =(J71-I71)/ABS(I71) -> 0.0002688172 | M71: COM | O71: =E71-'315805 - P0824'!F71 -> 30 | P71: =I71-'315805 - P0824'!J71 -> 36.590164
A72: 70 | D72: 288DF - 2X8X8 #2 AND BTR DOUG FIR | E72: 550 | F72: 758 | G72: =+F72-E72 -> 208 | H72: =(F72-E72)/ABS(E72) -> 0.37818182 | I72: 771.44837 | J72: 772 | K72: =J72-I72 -> 0.55162855 | L72: =(J72-I72)/ABS(I72) -> 0.0007150557 | M72: COM | O72: =E72-'315805 - P0824'!F72 -> -113 | P72: =I72-'315805 - P0824'!J72 -> -158.49757
A73: 71 | D73: 2810DF - 2X8X10 #2 AND BTR DOUG FIR | E73: 550 | F73: =F72 -> 758 | G73: =+F73-E73 -> 208 | H73: =(F73-E73)/ABS(E73) -> 0.37818182 | I73: 771.44837 | J73: 772 | K73: =J73-I73 -> 0.55162855 | L73: =(J73-I73)/ABS(I73) -> 0.0007150557 | M73: COM | O73: =E73-'315805 - P0824'!F73 -> -113 | P73: =I73-'315805 - P0824'!J73 -> -158.49757
A74: 72 | D74: 2812DF - 2X8X12 #2 AND BTR DOUG FIR | E74: 550 | F74: =F72 -> 758 | G74: =+F74-E74 -> 208 | H74: =(F74-E74)/ABS(E74) -> 0.37818182 | I74: 771.44837 | J74: 772 | K74: =J74-I74 -> 0.55162855 | L74: =(J74-I74)/ABS(I74) -> 0.0007150557 | M74: COM | O74: =E74-'315805 - P0824'!F74 -> -113 | P74: =I74-'315805 - P0824'!J74 -> -158.49757
A75: 73 | D75: 2814DF - 2X8X14 #2 AND BTR DOUG FIR | E75: 550 | F75: =F72 -> 758 | G75: =+F75-E75 -> 208 | H75: =(F75-E75)/ABS(E75) -> 0.37818182 | I75: 771.44837 | J75: 772 | K75: =J75-I75 -> 0.55162855 | L75: =(J75-I75)/ABS(I75) -> 0.0007150557 | M75: COM | O75: =E75-'315805 - P0824'!F75 -> -113 | P75: =I75-'315805 - P0824'!J75 -> -158.49757
A76: 74 | D76: 2816DF - 2X8X16 #2 AND BTR DOUG FIR | E76: 550 | F76: =F72 -> 758 | G76: =+F76-E76 -> 208 | H76: =(F76-E76)/ABS(E76) -> 0.37818182 | I76: 771.44837 | J76: 772 | K76: =J76-I76 -> 0.55162855 | L76: =(J76-I76)/ABS(I76) -> 0.0007150557 | M76: COM | O76: =E76-'315805 - P0824'!F76 -> -113 | P76: =I76-'315805 - P0824'!J76 -> -158.49757
A77: 75 | D77: 2820DF - 2X8X20 #2 AND BTR DOUG FIR | E77: 550 | F77: =F74 -> 758 | G77: =+F77-E77 -> 208 | H77: =(F77-E77)/ABS(E77) -> 0.37818182 | I77: 771.44837 | J77: 772 | K77: =J77-I77 -> 0.55162855 | L77: =(J77-I77)/ABS(I77) -> 0.0007150557 | M77: COM | O77: =E77-'315805 - P0824'!F77 -> -113 | P77: =I77-'315805 - P0824'!J77 -> -158.49757
A78: 76 | D78: 2108DF - 2X10X8 #2 AND BTR DOUG FIR | E78: 738 | F78: 768 | G78: =+F78-E78 -> 30 | H78: =(F78-E78)/ABS(E78) -> 0.040650407 | I78: 934.28482 | J78: 935 | K78: =J78-I78 -> 0.71518325 | L78: =(J78-I78)/ABS(I78) -> 0.00076548739 | M78: COM | O78: =E78-'315805 - P0824'!F78 -> 18 | P78: =I78-'315805 - P0824'!J78 -> 22.787435
A79: 77 | D79: 21010DF - 2X10X10 #2 AND BTR DOUG FIR | E79: 738 | F79: =F78 -> 768 | G79: =+F79-E79 -> 30 | H79: =(F79-E79)/ABS(E79) -> 0.040650407 | I79: 934.28482 | J79: 935 | K79: =J79-I79 -> 0.71518325 | L79: =(J79-I79)/ABS(I79) -> 0.00076548739 | M79: COM | O79: =E79-'315805 - P0824'!F79 -> 18 | P79: =I79-'315805 - P0824'!J79 -> 22.787435
A80: 78 | D80: 21012DF - 2X10X12 #2 AND BTR DOUG FIR | E80: 738 | F80: =F78 -> 768 | G80: =+F80-E80 -> 30 | H80: =(F80-E80)/ABS(E80) -> 0.040650407 | I80: 934.28482 | J80: 935 | K80: =J80-I80 -> 0.71518325 | L80: =(J80-I80)/ABS(I80) -> 0.00076548739 | M80: COM | O80: =E80-'315805 - P0824'!F80 -> 18 | P80: =I80-'315805 - P0824'!J80 -> 22.787435
A81: 79 | D81: 21014DF - 2X10X14 #2 AND BTR DOUG FIR | E81: 738 | F81: =F78 -> 768 | G81: =+F81-E81 -> 30 | H81: =(F81-E81)/ABS(E81) -> 0.040650407 | I81: 934.28482 | J81: 935 | K81: =J81-I81 -> 0.71518325 | L81: =(J81-I81)/ABS(I81) -> 0.00076548739 | M81: COM | O81: =E81-'315805 - P0824'!F81 -> 18 | P81: =I81-'315805 - P0824'!J81 -> 22.787435
A82: 80 | D82: 21016DF - 2X10X16 #2 AND BTR DOUG FIR | E82: 738 | F82: =F78 -> 768 | G82: =+F82-E82 -> 30 | H82: =(F82-E82)/ABS(E82) -> 0.040650407 | I82: 934.28482 | J82: 935 | K82: =J82-I82 -> 0.71518325 | L82: =(J82-I82)/ABS(I82) -> 0.00076548739 | M82: COM | O82: =E82-'315805 - P0824'!F82 -> 18 | P82: =I82-'315805 - P0824'!J82 -> 22.787435
A83: 81 | D83: 21020DF - 2X10X20 #2 AND BTR DOUG FIR | E83: 738 | F83: =F80 -> 768 | G83: =+F83-E83 -> 30 | H83: =(F83-E83)/ABS(E83) -> 0.040650407 | I83: 934.28482 | J83: 935 | K83: =J83-I83 -> 0.71518325 | L83: =(J83-I83)/ABS(I83) -> 0.00076548739 | M83: COM | O83: =E83-'315805 - P0824'!F83 -> 18 | P83: =I83-'315805 - P0824'!J83 -> 22.787435
A84: 82 | D84: 2128DF - 2X12X8 #2 AND BTR DOUG FIR | E84: 823 | F84: 933 | G84: =+F84-E84 -> 110 | H84: =(F84-E84)/ABS(E84) -> 0.13365735 | I84: 1054.245 | J84: 1055 | K84: =J84-I84 -> 0.75495043 | L84: =(J84-I84)/ABS(I84) -> 0.00071610526 | M84: COM | O84: =E84-'315805 - P0824'!F84 -> 70 | P84: =I84-'315805 - P0824'!J84 -> 89.668473
A85: 83 | D85: 21210DF - 2X12X10 #2 AND BTR DOUG FIR | E85: 823 | F85: =F84 -> 933 | G85: =+F85-E85 -> 110 | H85: =(F85-E85)/ABS(E85) -> 0.13365735 | I85: 1054.245 | J85: 1055 | K85: =J85-I85 -> 0.75495043 | L85: =(J85-I85)/ABS(I85) -> 0.00071610526 | M85: COM | O85: =E85-'315805 - P0824'!F85 -> 70 | P85: =I85-'315805 - P0824'!J85 -> 89.668473
A86: 84 | D86: 21212DF - 2X12X12 #2 AND BTR DOUG FIR | E86: 823 | F86: =F84 -> 933 | G86: =+F86-E86 -> 110 | H86: =(F86-E86)/ABS(E86) -> 0.13365735 | I86: 1054.245 | J86: 1055 | K86: =J86-I86 -> 0.75495043 | L86: =(J86-I86)/ABS(I86) -> 0.00071610526 | M86: COM | O86: =E86-'315805 - P0824'!F86 -> 70 | P86: =I86-'315805 - P0824'!J86 -> 89.668473
A87: 85 | D87: 21214DF - 2X12X14 #2 AND BTR DOUG FIR | E87: 823 | F87: =F84 -> 933 | G87: =+F87-E87 -> 110 | H87: =(F87-E87)/ABS(E87) -> 0.13365735 | I87: 1054.245 | J87: 1055 | K87: =J87-I87 -> 0.75495043 | L87: =(J87-I87)/ABS(I87) -> 0.00071610526 | M87: COM | O87: =E87-'315805 - P0824'!F87 -> 70 | P87: =I87-'315805 - P0824'!J87 -> 89.668473
A88: 86 | D88: 21216DF - 2X12X16 #2 AND BTR DOUG FIR | E88: 823 | F88: =F84 -> 933 | G88: =+F88-E88 -> 110 | H88: =(F88-E88)/ABS(E88) -> 0.13365735 | I88: 1054.245 | J88: 1055 | K88: =J88-I88 -> 0.75495043 | L88: =(J88-I88)/ABS(I88) -> 0.00071610526 | M88: COM | O88: =E88-'315805 - P0824'!F88 -> 70 | P88: =I88-'315805 - P0824'!J88 -> 89.668473
A89: 87 | D89: 21220DF - 2X12X20 #2 AND BTR DOUG FIR | E89: 823 | F89: =F86 -> 933 | G89: =+F89-E89 -> 110 | H89: =(F89-E89)/ABS(E89) -> 0.13365735 | I89: 1054.245 | J89: 1055 | K89: =J89-I89 -> 0.75495043 | L89: =(J89-I89)/ABS(I89) -> 0.00071610526 | M89: COM | O89: =E89-'315805 - P0824'!F89 -> 70 | P89: =I89-'315805 - P0824'!J89 -> 89.668473
A90: 88 | C90: DH | D90: 448DF - 4X4 8' S4S #2 GRN DOUG FIR | E90: 12.85 | F90: 12.85 | G90: =+F90-E90 -> 0 | H90: =(F90-E90)/ABS(E90) -> 0 | I90: 2580.3146 | J90: 2581 | K90: =J90-I90 -> 0.68539617 | L90: =(J90-I90)/ABS(I90) -> 0.00026562504 | M90: COM | O90: =E90-'315805 - P0824'!F90 -> 0 | P90: =I90-'315805 - P0824'!J90 -> 0
A91: 89 | D91: End of Dimensional Lumber | H91: =AVERAGE(H65:H90) -> 0.15197312 | L91: =AVERAGE(L65:L89) -> 0.00060246442
A92: 90 | D92: Sheet Goods | M92: COM | O92: =E92-'315805 - P0824'!F92 -> 0 | P92: =I92-'315805 - P0824'!J92 -> 0
A93: 91 | D93: 48716OSB - 4X8 7/16" OSB | E93: 381 | F93: 375 | G93: =+F93-E93 -> -6 | H93: =(F93-E93)/ABS(E93) -> -0.015748031 | I93: 432.0838 | J93: 433 | K93: =J93-I93 -> 0.91620112 | L93: =(J93-I93)/ABS(I93) -> 0.0021204246 | M93: COM | O93: =E93-'315805 - P0824'!F93 -> -14 | P93: =I93-'315805 - P0824'!J93 -> -15.877095
A94: 92 | D94: 49716OSB - 4X9X7/16 OSB ORIENTED STRANDBOARD | E94: 401 | F94: 395 | G94: =+F94-E94 -> -6 | H94: =(F94-E94)/ABS(E94) -> -0.014962594 | I94: 461.48191 | J94: 462 | K94: =J94-I94 -> 0.51808706 | L94: =(J94-I94)/ABS(I94) -> 0.0011226595 | M94: COM | O94: =E94-'315805 - P0824'!F94 -> -14 | P94: =I94-'315805 - P0824'!J94 -> -16.111588
A95: 93 | D95: 410716OSB - 4X10-7/16" OSB | E95: 401 | F95: 395 | G95: =+F95-E95 -> -6 | H95: =(F95-E95)/ABS(E95) -> -0.014962594 | I95: 458.77744 | J95: 459 | K95: =J95-I95 -> 0.22256284 | L95: =(J95-I95)/ABS(I95) -> 0.0004851216 | M95: COM | O95: =E95-'315805 - P0824'!F95 -> -14 | P95: =I95-'315805 - P0824'!J95 -> -16.017167
A96: 94 | D96: 481532OSB - 4X8 15/32 OSB | E96: 406 | F96: 406 | G96: =+F96-E96 -> 0 | H96: =(F96-E96)/ABS(E96) -> 0 | I96: 478.5617 | J96: 479 | K96: =J96-I96 -> 0.43829787 | L96: =(J96-I96)/ABS(I96) -> 0.00091586491 | M96: COM | O96: =E96-'315805 - P0824'!F96 -> -9 | P96: =I96-'315805 - P0824'!J96 -> -10.608511
A97: 95 | D97: 4834OSBTG - 4x8 23/32" T&G OSB SUB-FLOORING | E97: 633 | F97: 633 | G97: =+F97-E97 -> 0 | H97: =(F97-E97)/ABS(E97) -> 0 | I97: 744.59271 | J97: 745 | K97: =J97-I97 -> 0.40729483 | L97: =(J97-I97)/ABS(I97) -> 0.00054700352 | M97: COM | O97: =E97-'315805 - P0824'!F97 -> 0 | P97: =I97-'315805 - P0824'!J97 -> 0
A98: 96 | C98: DH | D98: 4812NC - 4X8-1/2" CDX NON-COM INTERIOR FIRE RETARDANT | E98: 930 | F98: 930 | G98: =+F98-E98 -> 0 | H98: =(F98-E98)/ABS(E98) -> 0 | I98: 1108.2902 | J98: 1109 | K98: =J98-I98 -> 0.70984456 | L98: =(J98-I98)/ABS(I98) -> 0.00064048621 | M98: COM | O98: =E98-'315805 - P0824'!F98 -> 0 | P98: =I98-'315805 - P0824'!J98 -> 0
A99: 97 | C99: DH | D99: 4812PT - 4X8 1/2" TREATED PLYWOOD.60 FOUNDATION CDX | E99: 1127 | F99: 1127 | G99: =+F99-E99 -> 0 | H99: =(F99-E99)/ABS(E99) -> 0 | I99: 1480.3327 | J99: 1481 | K99: =J99-I99 -> 0.66734018 | L99: =(J99-I99)/ABS(I99) -> 0.0004508042 | M99: COM | O99: =E99-'315805 - P0824'!F99 -> 0 | P99: =I99-'315805 - P0824'!J99 -> 0
A100: 98 | D100: 4858GYP - 4X8X5/8 EXTERIOR DRYWALL GYP SHEATING | E100: 17.6 | F100: 17.6 | G100: =+F100-E100 -> 0 | H100: =(F100-E100)/ABS(E100) -> 0 | I100: 47.120192 | J100: =(I100*H100)+I100 -> 47.120192 | K100: =J100-I100 -> 0 | L100: =(J100-I100)/ABS(I100) -> 0 | M100: COM | O100: =E100-'315805 - P0824'!F100 -> 0 | P100: =I100-'315805 - P0824'!J100 -> 0
...

Sheet 316556 - P0924
E1: RANDOM LENGTH | F1: RANDOM LENGTH | I1: SELL PRICE | J1: SELL PRICE | M1: TYPE
B2: PROJECT | C2: SUPPLIER | D2: Product Code & Description | E2: P08 2024 AUGUST 07/12/24 | F2: P09 2024 SEPTEMBER 08/09/24 | I2: P08 2024 AUGUST 07/12/24 | J2: P09 2024 SEPTEMBER 08/09/24
A3: 1 | D3: Treated Materials | M3: COM
A4: 2 | C4: DH | D4: 2412BT - 2X4 12' Blue Borate Treated | E4: 671 | F4: 706 | G4: =+F4-E4 -> 35 | H4: =(F4-E4)/ABS(E4) -> 0.052160954 | I4: 809.39861 | J4: =(I4*H4)+I4 -> 851.61761 | K4: =J4-I4 -> 42.219003 | L4: =(J4-I4)/ABS(I4) -> 0.052160954 | M4: COM | O4: =E4-'315805 - P0824'!F4 -> 0 | P4: =I4-'315805 - P0824'!J4 -> 0
A5: 3 | D5: 2414BT - 2X4 14' Blue Borate Treated | E5: 671 | F5: =F4 -> 706 | G5: =+F5-E5 -> 35 | H5: =(F5-E5)/ABS(E5) -> 0.052160954 | I5: 809.39861 | J5: =(I5*H5)+I5 -> 851.61761 | K5: =J5-I5 -> 42.219003 | L5: =(J5-I5)/ABS(I5) -> 0.052160954 | M5: COM | O5: =E5-'315805 - P0824'!F5 -> 0 | P5: =I5-'315805 - P0824'!J5 -> 0
A6: 4 | D6: 2416BT - 2X4 16' Blue Borate Treated | E6: 671 | F6: =F4 -> 706 | G6: =+F6-E6 -> 35 | H6: =(F6-E6)/ABS(E6) -> 0.052160954 | I6: 809.39861 | J6: =(I6*H6)+I6 -> 851.61761 | K6: =J6-I6 -> 42.219003 | L6: =(J6-I6)/ABS(I6) -> 0.052160954 | M6: COM | O6: =E6-'315805 - P0824'!F6 -> 0 | P6: =I6-'315805 - P0824'!J6 -> 0
A7: 5 | C7: DH | D7: 2612BT - 2X6 12' Blue Borate Treated | E7: 606 | F7: 636 | G7: =+F7-E7 -> 30 | H7: =(F7-E7)/ABS(E7) -> 0.04950495 | I7: 782.25 | J7: =(I7*H7)+I7 -> 820.97525 | K7: =J7-I7 -> 38.725248 | L7: =(J7-I7)/ABS(I7) -> 0.04950495 | M7: COM | O7: =E7-'315805 - P0824'!F7 -> 0 | P7: =I7-'315805 - P0824'!J7 -> 0
A8: 6 | D8: 2614BT - 2X6 14' Blue Borate Treated | E8: 606 | F8: =F7 -> 636 | G8: =+F8-E8 -> 30 | H8: =(F8-E8)/ABS(E8) -> 0.04950495 | I8: 782.25 | J8: =(I8*H8)+I8 -> 820.97525 | K8: =J8-I8 -> 38.725248 | L8: =(J8-I8)/ABS(I8) -> 0.04950495 | M8: COM | O8: =E8-'315805 - P0824'!F8 -> 0 | P8: =I8-'315805 - P0824'!J8 -> 0
A9: 7 | D9: 2616BT - 2X6 16' Blue Borate Treated | E9: 606 | F9: =F7 -> 636 | G9: =+F9-E9 -> 30 | H9: =(F9-E9)/ABS(E9) -> 0.04950495 | I9: 782.25 | J9: =(I9*H9)+I9 -> 820.97525 | K9: =J9-I9 -> 38.725248 | L9: =(J9-I9)/ABS(I9) -> 0.04950495 | M9: COM | O9: =E9-'315805 - P0824'!F9 -> 0 | P9: =I9-'315805 - P0824'!J9 -> 0
A10: 8 | C10: DH | D10: 2412T - 2x4 12' #1 SYP Treated MCA Cedartone | E10: 710 | F10: 825 | G10: =+F10-E10 -> 115 | H10: =(F10-E10)/ABS(E10) -> 0.16197183 | I10: 942.95073 | J10: =(I10*H10)+I10 -> 1095.6822 | K10: =J10-I10 -> 152.73146 | L10: =(J10-I10)/ABS(I10) -> 0.16197183 | M10: COM | O10: =E10-'315805 - P0824'!F10 -> 0 | P10: =I10-'315805 - P0824'!J10 -> 0
A11: 9 | D11: 2416T - 2x4 16' #1 SYP Treated MCA Cedartone | E11: 710 | F11: =F10 -> 825 | G11: =+F11-E11 -> 115 | H11: =(F11-E11)/ABS(E11) -> 0.16197183 | I11: 942.95073 | J11: =(I11*H11)+I11 -> 1095.6822 | K11: =J11-I11 -> 152.73146 | L11: =(J11-I11)/ABS(I11) -> 0.16197183 | M11: COM | O11: =E11-'315805 - P0824'!F11 -> 0 | P11: =I11-'315805 - P0824'!J11 -> 0
A12: 10 | C12: DH | D12: 2612T - 2x6 12' #1 SYP Treated MCA Cedartone | E12: 685 | F12: 710 | G12: =+F12-E12 -> 25 | H12: =(F12-E12)/ABS(E12) -> 0.03649635 | I12: 817.10184 | J12: =(I12*H12)+I12 -> 846.92308 | K12: =J12-I12 -> 29.821235 | L12: =(J12-I12)/ABS(I12) -> 0.03649635 | M12: COM | O12: =E12-'315805 - P0824'!F12 -> 0 | P12: =I12-'315805 - P0824'!J12 -> 0
A13: 11 | D13: 2616T - 2x6 16' #1 SYP Treated MCA Cedartone | E13: 685 | F13: =F12 -> 710 | G13: =+F13-E13 -> 25 | H13: =(F13-E13)/ABS(E13) -> 0.03649635 | I13: 817.10184 | J13: =(I13*H13)+I13 -> 846.92308 | K13: =J13-I13 -> 29.821235 | L13: =(J13-I13)/ABS(I13) -> 0.03649635 | M13: COM | O13: =E13-'315805 - P0824'!F13 -> 0 | P13: =I13-'315805 - P0824'!J13 -> 0
A14: 12 | D14: 2812T - 2x8 12' #1 SYP Treated MCA Cedartone | E14: 660 | F14: 680 | G14: =+F14-E14 -> 20 | H14: =(F14-E14)/ABS(E14) -> 0.03030303 | I14: 848.38146 | J14: =(I14*H14)+I14 -> 874.08999 | K14: =J14-I14 -> 25.708529 | L14: =(J14-I14)/ABS(I14) -> 0.03030303 | M14: COM | O14: =E14-'315805 - P0824'!F14 -> 0 | P14: =I14-'315805 - P0824'!J14 -> 0
A15: 13 | D15: 2816T - 2x8 16' #1 SYP Treated MCA Cedartone | E15: 660 | F15: =F14 -> 680 | G15: =+F15-E15 -> 20 | H15: =(F15-E15)/ABS(E15) -> 0.03030303 | I15: 848.38146 | J15: =(I15*H15)+I15 -> 874.08999 | K15: =J15-I15 -> 25.708529 | L15: =(J15-I15)/ABS(I15) -> 0.03030303 | M15: COM | O15: =E15-'315805 - P0824'!F15 -> 0 | P15: =I15-'315805 - P0824'!J15 -> 0
A16: 14 | C16: DH | D16: 21012T - 2x10 12' #1 SYP Treated MCA Cedartone | E16: 780 | F16: 795 | G16: =+F16-E16 -> 15 | H16: =(F16-E16)/ABS(E16) -> 0.019230769 | I16: 1098.7097 | J16: =(I16*H16)+I16 -> 1119.8387 | K16: =J16-I16 -> 21.129032 | L16: =(J16-I16)/ABS(I16) -> 0.019230769 | M16: COM | O16: =E16-'315805 - P0824'!F16 -> 0 | P16: =I16-'315805 - P0824'!J16 -> 0
A17: 15 | D17: 21016T - 2x10 16' #1 SYP Treated MCA Cedartone | E17: 780 | F17: =F16 -> 795 | G17: =+F17-E17 -> 15 | H17: =(F17-E17)/ABS(E17) -> 0.019230769 | I17: 1098.7097 | J17: =(I17*H17)+I17 -> 1119.8387 | K17: =J17-I17 -> 21.129032 | L17: =(J17-I17)/ABS(I17) -> 0.019230769 | M17: COM | O17: =E17-'315805 - P0824'!F17 -> 0 | P17: =I17-'315805 - P0824'!J17 -> 0
A18: 16 | C18: DH | D18: 21212T - 2x12 12' #1 SYP Treated MCA Cedartone | E18: 845 | F18: 880 | G18: =+F18-E18 -> 35 | H18: =(F18-E18)/ABS(E18) -> 0.041420118 | I18: 1174.3539 | J18: =(I18*H18)+I18 -> 1222.9958 | K18: =J18-I18 -> 48.641878 | L18: =(J18-I18)/ABS(I18) -> 0.041420118 | M18: COM | O18: =E18-'315805 - P0824'!F18 -> 0 | P18: =I18-'315805 - P0824'!J18 -> 0
A19: 17 | D19: 21216T - 2x12 16' #1 SYP Treated MCA Cedartone | E19: 845 | F19: =F18 -> 880 | G19: =+F19-E19 -> 35 | H19: =(F19-E19)/ABS(E19) -> 0.041420118 | I19: 1174.3539 | J19: =(I19*H19)+I19 -> 1222.9958 | K19: =J19-I19 -> 48.641878 | L19: =(J19-I19)/ABS(I19) -> 0.041420118 | M19: COM | O19: =E19-'315805 - P0824'!F19 -> 0 | P19: =I19-'315805 - P0824'!J19 -> 0
A20: 18 | C20: DH | D20: 21220T - 2x12 20' #1 SYP Treated MCA Cedartone | E20: 1040 | F20: 1070 | G20: =+F20-E20 -> 30 | H20: =(F20-E20)/ABS(E20) -> 0.028846154 | I20: 2099.3185 | J20: =(I20*H20)+I20 -> 2159.8757 | K20: =J20-I20 -> 60.557264 | L20: =(J20-I20)/ABS(I20) -> 0.028846154 | M20: COM | O20: =E20-'315805 - P0824'!F20 -> 0 | P20: =I20-'315805 - P0824'!J20 -> 0
A21: 19 | C21: DH | D21: 4410T - 4X4 10' HF Std/btr S4S CEDARTONE GROUND CONTACT | E21: 16.07 | F21: 16.07 | G21: =+F21-E21 -> 0 | H21: =(F21-E21)/ABS(E21) -> 0 | I21: 36.488665 | J21: =(I21*H21)+I21 -> 36.488665 | K21: =J21-I21 -> 0 | L21: =(J21-I21)/ABS(I21) -> 0 | M21: COM | O21: =E21-'315805 - P0824'!F21 -> 0 | P21: =I21-'315805 - P0824'!J21 -> 0
A22: 20 | C22: DH | D22: 6610T - 6X6 10' HF #2 S4S CEDARTONE GROUND CONTACT | E22: 1430 | F22: 1430 | G22: =+F22-E22 -> 0 | H22: =(F22-E22)/ABS(E22) -> 0 | I22: 2041.9222 | J22: =(I22*H22)+I22 -> 2041.9222 | K22: =J22-I22 -> 0 | L22: =(J22-I22)/ABS(I22) -> 0 | M22: COM | O22: =E22-'315805 - P0824'!F22 -> 0 | P22: =I22-'315805 - P0824'!J22 -> 0
A23: 21 | D23: 6612T - 6X6 12' HF #2 S4S CEDARTONE GROUND CONTACT | E23: 1430 | F23: =F22 -> 1430 | G23: =+F23-E23 -> 0 | H23: =(F23-E23)/ABS(E23) -> 0 | I23: 2041.9222 | J23: =(I23*H23)+I23 -> 2041.9222 | K23: =J23-I23 -> 0 | L23: =(J23-I23)/ABS(I23) -> 0 | M23: COM | O23: =E23-'315805 - P0824'!F23 -> 0 | P23: =I23-'315805 - P0824'!J23 -> 0
A24: 22 | D24: End of Treated Materials | H24: =AVERAGE(H4:H23) -> 0.045634403 | L24: =AVERAGE(L4:L23) -> 0.045634403
A25: 23 | D25: Studs | M25: COM
A26: 24 | D26: 2492F - 2X4 92-5/8 HEM FIR STUD | E26: 441 | F26: 441 | G26: =+F26-E26 -> 0 | H26: =(F26-E26)/ABS(E26) -> 0 | I26: 654.29675 | J26: =(I26*H26)+I26 -> 654.29675 | K26: =J26-I26 -> 0 | L26: =(J26-I26)/ABS(I26) -> 0 | M26: COM | O26: =E26-'315805 - P0824'!F26 -> 0 | P26: =I26-'315805 - P0824'!J26 -> 0
A27: 25 | D27: 24104F - 2X4 104-5/8 HEM FIR STUD | E27: 471 | F27: 476 | G27: =+F27-E27 -> 5 | H27: =(F27-E27)/ABS(E27) -> 0.010615711 | I27: 621.34927 | J27: =(I27*H27)+I27 -> 627.94534 | K27: =J27-I27 -> 6.5960645 | L27: =(J27-I27)/ABS(I27) -> 0.010615711 | M27: COM | O27: =E27-'315805 - P0824'!F27 -> 0 | P27: =I27-'315805 - P0824'!J27 -> 0
A28: 26 | D28: 24116F - 2X4 116-5/8 HEM FIR STUD | E28: 471 | F28: 476 | G28: =+F28-E28 -> 5 | H28: =(F28-E28)/ABS(E28) -> 0.010615711 | I28: 583.55206 | J28: =(I28*H28)+I28 -> 589.74688 | K28: =J28-I28 -> 6.1948202 | L28: =(J28-I28)/ABS(I28) -> 0.010615711 | M28: COM | O28: =E28-'315805 - P0824'!F28 -> 0 | P28: =I28-'315805 - P0824'!J28 -> 0
A29: 27 | D29: 2692F - 2X6 92-5/8 HEM FIR STUD | E29: 431 | F29: 436 | G29: =+F29-E29 -> 5 | H29: =(F29-E29)/ABS(E29) -> 0.011600928 | I29: 554.04692 | J29: =(I29*H29)+I29 -> 560.47438 | K29: =J29-I29 -> 6.4274584 | L29: =(J29-I29)/ABS(I29) -> 0.011600928 | M29: COM | O29: =E29-'315805 - P0824'!F29 -> 0 | P29: =I29-'315805 - P0824'!J29 -> 0
A30: 28 | D30: 26104F - 2X6 104-5/8 HEM FIR STUD | E30: 526 | F30: 541 | G30: =+F30-E30 -> 15 | H30: =(F30-E30)/ABS(E30) -> 0.02851711 | I30: 665.65872 | J30: =(I30*H30)+I30 -> 684.64138 | K30: =J30-I30 -> 18.982663 | L30: =(J30-I30)/ABS(I30) -> 0.02851711 | M30: COM | O30: =E30-'315805 - P0824'!F30 -> 0 | P30: =I30-'315805 - P0824'!J30 -> 0
A31: 29 | D31: 26116F - 2X6 116-5/8 HEM FIR STUD | E31: 526 | F31: 541 | G31: =+F31-E31 -> 15 | H31: =(F31-E31)/ABS(E31) -> 0.02851711 | I31: 628.84351 | J31: =(I31*H31)+I31 -> 646.77631 | K31: =J31-I31 -> 17.9328 | L31: =(J31-I31)/ABS(I31) -> 0.02851711 | M31: COM | O31: =E31-'315805 - P0824'!F31 -> 0 | P31: =I31-'315805 - P0824'!J31 -> 0
A32: 30 | D32: End of Studs | H32: =AVERAGE(H26:H31) -> 0.014977762 | L32: =AVERAGE(L26:L31) -> 0.014977762
A33: 31 | D33: Dimensional Lumber | M33: COM
A34: 32 | D34: 248F - 2X4X8 #2 AND BTR HEM FIR | E34: 540 | F34: 555 | G34: =+F34-E34 -> 15 | H34: =(F34-E34)/ABS(E34) -> 0.027777778 | I34: 614.01724 | J34: =(I34*H34)+I34 -> 631.07328 | K34: =J34-I34 -> 17.056034 | L34: =(J34-I34)/ABS(I34) -> 0.027777778 | M34: COM | O34: =E34-'315805 - P0824'!F34 -> 0 | P34: =I34-'315805 - P0824'!J34 -> 0
A35: 33 | D35: 2410F - 2X4X10 #2 AND BTR HEM FIR | E35: 540 | F35: =F34 -> 555 | G35: =+F35-E35 -> 15 | H35: =(F35-E35)/ABS(E35) -> 0.027777778 | I35: 614.01724 | J35: =(I35*H35)+I35 -> 631.07328 | K35: =J35-I35 -> 17.056034 | L35: =(J35-I35)/ABS(I35) -> 0.027777778 | M35: COM | O35: =E35-'315805 - P0824'!F35 -> 0 | P35: =I35-'315805 - P0824'!J35 -> 0
A36: 34 | D36: 2412F - 2X4X12 #2 AND BTR HEM FIR | E36: 540 | F36: =F34 -> 555 | G36: =+F36-E36 -> 15 | H36: =(F36-E36)/ABS(E36) -> 0.027777778 | I36: 614.01724 | J36: =(I36*H36)+I36 -> 631.07328 | K36: =J36-I36 -> 17.056034 | L36: =(J36-I36)/ABS(I36) -> 0.027777778 | M36: COM | O36: =E36-'315805 - P0824'!F36 -> 0 | P36: =I36-'315805 - P0824'!J36 -> 0
A37: 35 | D37: 2414F - 2X4X14 #2 AND BTR HEM FIR | E37: 540 | F37: =F34 -> 555 | G37: =+F37-E37 -> 15 | H37: =(F37-E37)/ABS(E37) -> 0.027777778 | I37: 614.01724 | J37: =(I37*H37)+I37 -> 631.07328 | K37: =J37-I37 -> 17.056034 | L37: =(J37-I37)/ABS(I37) -> 0.027777778 | M37: COM | O37: =E37-'315805 - P0824'!F37 -> 0 | P37: =I37-'315805 - P0824'!J37 -> 0
A38: 36 | D38: 2416F - 2X4X16 #2 AND BTR HEM FIR | E38: 540 | F38: =F34 -> 555 | G38: =+F38-E38 -> 15 | H38: =(F38-E38)/ABS(E38) -> 0.027777778 | I38: 614.01724 | J38: =(I38*H38)+I38 -> 631.07328 | K38: =J38-I38 -> 17.056034 | L38: =(J38-I38)/ABS(I38) -> 0.027777778 | M38: COM | O38: =E38-'315805 - P0824'!F38 -> 0 | P38: =I38-'315805 - P0824'!J38 -> 0
A39: 37 | D39: 2418F - 2X4X18 #2 AND BTR HEM FIR | E39: 540 | F39: =F34 -> 555 | G39: =+F39-E39 -> 15 | H39: =(F39-E39)/ABS(E39) -> 0.027777778 | I39: 614.01724 | J39: =(I39*H39)+I39 -> 631.07328 | K39: =J39-I39 -> 17.056034 | L39: =(J39-I39)/ABS(I39) -> 0.027777778 | M39: COM | O39: =E39-'315805 - P0824'!F39 -> 0 | P39: =I39-'315805 - P0824'!J39 -> 0
A40: 38 | D40: 2420F - 2X4X20 #2 AND BTR HEM FIR | E40: 540 | F40: =F34 -> 555 | G40: =+F40-E40 -> 15 | H40: =(F40-E40)/ABS(E40) -> 0.027777778 | I40: 614.01724 | J40: =(I40*H40)+I40 -> 631.07328 | K40: =J40-I40 -> 17.056034 | L40: =(J40-I40)/ABS(I40) -> 0.027777778 | M40: COM | O40: =E40-'315805 - P0824'!F40 -> 0 | P40: =I40-'315805 - P0824'!J40 -> 0
A41: 39 | D41: 242RLF - 2X4 R/L #2 AND BTR HEM FIR | E41: 540 | F41: =F35 -> 555 | G41: =+F41-E41 -> 15 | H41: =(F41-E41)/ABS(E41) -> 0.027777778 | I41: 614.01724 | J41: =(I41*H41)+I41 -> 631.07328 | K41: =J41-I41 -> 17.056034 | L41: =(J41-I41)/ABS(I41) -> 0.027777778 | M41: COM | O41: =E41-'315805 - P0824'!F41 -> 0 | P41: =I41-'315805 - P0824'!J41 -> 0
A42: 40 | D42: 268F - 2X6X8 #2 AND BTR HEM FIR | E42: 525 | F42: 585 | G42: =+F42-E42 -> 60 | H42: =(F42-E42)/ABS(E42) -> 0.11428571 | I42: 598.70192 | J42: =(I42*H42)+I42 -> 667.125 | K42: =J42-I42 -> 68.423077 | L42: =(J42-I42)/ABS(I42) -> 0.11428571 | M42: COM | O42: =E42-'315805 - P0824'!F42 -> 0 | P42: =I42-'315805 - P0824'!J42 -> 0
A43: 41 | D43: 2610F - 2X6X10 #2 AND BTR HEM FIR | E43: 525 | F43: =F42 -> 585 | G43: =+F43-E43 -> 60 | H43: =(F43-E43)/ABS(E43) -> 0.11428571 | I43: 598.70192 | J43: =(I43*H43)+I43 -> 667.125 | K43: =J43-I43 -> 68.423077 | L43: =(J43-I43)/ABS(I43) -> 0.11428571 | M43: COM | O43: =E43-'315805 - P0824'!F43 -> 0 | P43: =I43-'315805 - P0824'!J43 -> 0
A44: 42 | D44: 2612F - 2X6X12 #2 AND BTR HEM FIR | E44: 525 | F44: =F42 -> 585 | G44: =+F44-E44 -> 60 | H44: =(F44-E44)/ABS(E44) -> 0.11428571 | I44: 598.70192 | J44: =(I44*H44)+I44 -> 667.125 | K44: =J44-I44 -> 68.423077 | L44: =(J44-I44)/ABS(I44) -> 0.11428571 | M44: COM | O44: =E44-'315805 - P0824'!F44 -> 0 | P44: =I44-'315805 - P0824'!J44 -> 0
A45: 43 | D45: 2614F - 2X6X14 #2 AND BTR HEM FIR | E45: 525 | F45: =F42 -> 585 | G45: =+F45-E45 -> 60 | H45: =(F45-E45)/ABS(E45) -> 0.11428571 | I45: 598.70192 | J45: =(I45*H45)+I45 -> 667.125 | K45: =J45-I45 -> 68.423077 | L45: =(J45-I45)/ABS(I45) -> 0.11428571 | M45: COM | O45: =E45-'315805 - P0824'!F45 -> 0 | P45: =I45-'315805 - P0824'!J45 -> 0
A46: 44 | D46: 2616F - 2X6X16 #2 AND BTR HEM FIR | E46: 525 | F46: =F42 -> 585 | G46: =+F46-E46 -> 60 | H46: =(F46-E46)/ABS(E46) -> 0.11428571 | I46: 598.70192 | J46: =(I46*H46)+I46 -> 667.125 | K46: =J46-I46 -> 68.423077 | L46: =(J46-I46)/ABS(I46) -> 0.11428571 | M46: COM | O46: =E46-'315805 - P0824'!F46 -> 0 | P46: =I46-'315805 - P0824'!J46 -> 0
A47: 45 | D47: 2618F - 2X6 X 18' #2&BTR HEM FIR | E47: 525 | F47: =F42 -> 585 | G47: =+F47-E47 -> 60 | H47: =(F47-E47)/ABS(E47) -> 0.11428571 | I47: 598.70192 | J47: =(I47*H47)+I47 -> 667.125 | K47: =J47-I47 -> 68.423077 | L47: =(J47-I47)/ABS(I47) -> 0.11428571 | M47: COM | O47: =E47-'315805 - P0824'!F47 -> 0 | P47: =I47-'315805 - P0824'!J47 -> 0
A48: 46 | D48: 2620F - 2X6X20 #2 & BTR HEM FIR | E48: 525 | F48: =F42 -> 585 | G48: =+F48-E48 -> 60 | H48: =(F48-E48)/ABS(E48) -> 0.11428571 | I48: 598.70192 | J48: =(I48*H48)+I48 -> 667.125 | K48: =J48-I48 -> 68.423077 | L48: =(J48-I48)/ABS(I48) -> 0.11428571 | M48: COM | O48: =E48-'315805 - P0824'!F48 -> 0 | P48: =I48-'315805 - P0824'!J48 -> 0
A49: 47 | D49: 26RLF - 2X6 R/L #2 & BTR HEM FIR | E49: 525 | F49: =F43 -> 585 | G49: =+F49-E49 -> 60 | H49: =(F49-E49)/ABS(E49) -> 0.11428571 | I49: 598.70192 | J49: =(I49*H49)+I49 -> 667.125 | K49: =J49-I49 -> 68.423077 | L49: =(J49-I49)/ABS(I49) -> 0.11428571 | M49: COM | O49: =E49-'315805 - P0824'!F49 -> 0 | P49: =I49-'315805 - P0824'!J49 -> 0
A50: 48 | D50: 2810F - 2X8X10 #2 AND BTR HEM FIR | E50: 480 | F50: 520 | G50: =+F50-E50 -> 40 | H50: =(F50-E50)/ABS(E50) -> 0.083333333 | I50: 594.20183 | J50: =(I50*H50)+I50 -> 643.71865 | K50: =J50-I50 -> 49.51682 | L50: =(J50-I50)/ABS(I50) -> 0.083333333 | M50: COM | O50: =E50-'315805 - P0824'!F50 -> 0 | P50: =I50-'315805 - P0824'!J50 -> 0
A51: 49 | D51: 2812F - 2X8X12 #2 AND BTR HEM FIR | E51: 480 | F51: =F50 -> 520 | G51: =+F51-E51 -> 40 | H51: =(F51-E51)/ABS(E51) -> 0.083333333 | I51: 594.20183 | J51: =(I51*H51)+I51 -> 643.71865 | K51: =J51-I51 -> 49.51682 | L51: =(J51-I51)/ABS(I51) -> 0.083333333 | M51: COM | O51: =E51-'315805 - P0824'!F51 -> 0 | P51: =I51-'315805 - P0824'!J51 -> 0
A52: 50 | D52: 2814F - 2X8X14 #2 AND BTR HEM FIR | E52: 480 | F52: =F50 -> 520 | G52: =+F52-E52 -> 40 | H52: =(F52-E52)/ABS(E52) -> 0.083333333 | I52: 594.20183 | J52: =(I52*H52)+I52 -> 643.71865 | K52: =J52-I52 -> 49.51682 | L52: =(J52-I52)/ABS(I52) -> 0.083333333 | M52: COM | O52: =E52-'315805 - P0824'!F52 -> 0 | P52: =I52-'315805 - P0824'!J52 -> 0
A53: 51 | D53: 2816F - 2X8X16 #2 AND BTR HEM FIR | E53: 480 | F53: =F50 -> 520 | G53: =+F53-E53 -> 40 | H53: =(F53-E53)/ABS(E53) -> 0.083333333 | I53: 594.20183 | J53: =(I53*H53)+I53 -> 643.71865 | K53: =J53-I53 -> 49.51682 | L53: =(J53-I53)/ABS(I53) -> 0.083333333 | M53: COM | O53: =E53-'315805 - P0824'!F53 -> 0 | P53: =I53-'315805 - P0824'!J53 -> 0
A54: 52 | D54: 2108F - 2X10X8 #2 AND BTR HEM FIR | E54: 513 | F54: 558 | G54: =+F54-E54 -> 45 | H54: =(F54-E54)/ABS(E54) -> 0.087719298 | I54: 818.71558 | J54: =(I54*H54)+I54 -> 890.53273 | K54: =J54-I54 -> 71.817156 | L54: =(J54-I54)/ABS(I54) -> 0.087719298 | M54: COM | O54: =E54-'315805 - P0824'!F54 -> 0 | P54: =I54-'315805 - P0824'!J54 -> 0
A55: 53 | D55: 21010F - 2X10X10 #2 AND BTR HEM FIR | E55: 513 | F55: =F54 -> 558 | G55: =+F55-E55 -> 45 | H55: =(F55-E55)/ABS(E55) -> 0.087719298 | I55: 818.71558 | J55: =(I55*H55)+I55 -> 890.53273 | K55: =J55-I55 -> 71.817156 | L55: =(J55-I55)/ABS(I55) -> 0.087719298 | M55: COM | O55: =E55-'315805 - P0824'!F55 -> 0 | P55: =I55-'315805 - P0824'!J55 -> 0
A56: 54 | D56: 21012F - 2X10X12 #2 AND BTR HEM FIR | E56: 513 | F56: =F54 -> 558 | G56: =+F56-E56 -> 45 | H56: =(F56-E56)/ABS(E56) -> 0.087719298 | I56: 818.71558 | J56: =(I56*H56)+I56 -> 890.53273 | K56: =J56-I56 -> 71.817156 | L56: =(J56-I56)/ABS(I56) -> 0.087719298 | M56: COM | O56: =E56-'315805 - P0824'!F56 -> 0 | P56: =I56-'315805 - P0824'!J56 -> 0
A57: 55 | D57: 21014F - 2X10X14 #2 AND BTR HEM FIR | E57: 513 | F57: =F54 -> 558 | G57: =+F57-E57 -> 45 | H57: =(F57-E57)/ABS(E57) -> 0.087719298 | I57: 818.71558 | J57: =(I57*H57)+I57 -> 890.53273 | K57: =J57-I57 -> 71.817156 | L57: =(J57-I57)/ABS(I57) -> 0.087719298 | M57: COM | O57: =E57-'315805 - P0824'!F57 -> 0 | P57: =I57-'315805 - P0824'!J57 -> 0
A58: 56 | D58: 21016F - 2X10X16 #2 AND BTR HEM FIR | E58: 513 | F58: =F54 -> 558 | G58: =+F58-E58 -> 45 | H58: =(F58-E58)/ABS(E58) -> 0.087719298 | I58: 818.71558 | J58: =(I58*H58)+I58 -> 890.53273 | K58: =J58-I58 -> 71.817156 | L58: =(J58-I58)/ABS(I58) -> 0.087719298 | M58: COM | O58: =E58-'315805 - P0824'!F58 -> 0 | P58: =I58-'315805 - P0824'!J58 -> 0
A59: 57 | D59: 21210F - 2X12X10 #2 AND BTR HEM FIR | E59: 513 | F59: 628 | G59: =+F59-E59 -> 115 | H59: =(F59-E59)/ABS(E59) -> 0.22417154 | I59: 737.07993 | J59: =(I59*H59)+I59 -> 902.31227 | K59: =J59-I59 -> 165.23234 | L59: =(J59-I59)/ABS(I59) -> 0.22417154 | M59: COM | O59: =E59-'315805 - P0824'!F59 -> 0 | P59: =I59-'315805 - P0824'!J59 -> 0
A60: 58 | D60: 21212F - 2X12X12 #2 AND BTR HEM FIR | E60: 513 | F60: =F59 -> 628 | G60: =+F60-E60 -> 115 | H60: =(F60-E60)/ABS(E60) -> 0.22417154 | I60: 737.07993 | J60: =(I60*H60)+I60 -> 902.31227 | K60: =J60-I60 -> 165.23234 | L60: =(J60-I60)/ABS(I60) -> 0.22417154 | M60: COM | O60: =E60-'315805 - P0824'!F60 -> 0 | P60: =I60-'315805 - P0824'!J60 -> 0
A61: 59 | D61: 21214F - 2X12X14 #2 AND BTR HEM FIR | E61: 513 | F61: =F59 -> 628 | G61: =+F61-E61 -> 115 | H61: =(F61-E61)/ABS(E61) -> 0.22417154 | I61: 737.07993 | J61: =(I61*H61)+I61 -> 902.31227 | K61: =J61-I61 -> 165.23234 | L61: =(J61-I61)/ABS(I61) -> 0.22417154 | M61: COM | O61: =E61-'315805 - P0824'!F61 -> 0 | P61: =I61-'315805 - P0824'!J61 -> 0
A62: 60 | D62: 21216F - 2X12X16 #2 AND BTR HEM FIR | E62: 513 | F62: =F59 -> 628 | G62: =+F62-E62 -> 115 | H62: =(F62-E62)/ABS(E62) -> 0.22417154 | I62: 737.07993 | J62: =(I62*H62)+I62 -> 902.31227 | K62: =J62-I62 -> 165.23234 | L62: =(J62-I62)/ABS(I62) -> 0.22417154 | M62: COM | O62: =E62-'315805 - P0824'!F62 -> 0 | P62: =I62-'315805 - P0824'!J62 -> 0
A63: 61 | H63: =AVERAGE(H34:H62) -> 0.096728411 | L63: =AVERAGE(L34:L62) -> 0.096728411
A64: 62 | D64: DOUG FIR
A65: 63 | D65: 268F - 2X6X8 #2 AND BTR DOUG FIR | E65: 520 | F65: 550 | G65: =+F65-E65 -> 30 | H65: =(F65-E65)/ABS(E65) -> 0.057692308 | I65: 634.22951 | J65: =(I65*H65)+I65 -> 670.81967 | K65: =J65-I65 -> 36.590164 | L65: =(J65-I65)/ABS(I65) -> 0.057692308 | M65: COM | O65: =E65-'315805 - P0824'!F65 -> 0 | P65: =I65-'315805 - P0824'!J65 -> 0
A66: 64 | D66: 2610F - 2X6X10 #2 AND BTR DOUG FIR | E66: 520 | F66: =F65 -> 550 | G66: =+F66-E66 -> 30 | H66: =(F66-E66)/ABS(E66) -> 0.057692308 | I66: 634.22951 | J66: =(I66*H66)+I66 -> 670.81967 | K66: =J66-I66 -> 36.590164 | L66: =(J66-I66)/ABS(I66) -> 0.057692308 | M66: COM | O66: =E66-'315805 - P0824'!F66 -> 0 | P66: =I66-'315805 - P0824'!J66 -> 0
A67: 65 | D67: 2612F - 2X6X12 #2 AND BTR DOUG FIR | E67: 520 | F67: =F65 -> 550 | G67: =+F67-E67 -> 30 | H67: =(F67-E67)/ABS(E67) -> 0.057692308 | I67: 634.22951 | J67: =(I67*H67)+I67 -> 670.81967 | K67: =J67-I67 -> 36.590164 | L67: =(J67-I67)/ABS(I67) -> 0.057692308 | M67: COM | O67: =E67-'315805 - P0824'!F67 -> 0 | P67: =I67-'315805 - P0824'!J67 -> 0
A68: 66 | D68: 2614F - 2X6X14 #2 AND BTR DOUG FIR | E68: 520 | F68: =F65 -> 550 | G68: =+F68-E68 -> 30 | H68: =(F68-E68)/ABS(E68) -> 0.057692308 | I68: 634.22951 | J68: =(I68*H68)+I68 -> 670.81967 | K68: =J68-I68 -> 36.590164 | L68: =(J68-I68)/ABS(I68) -> 0.057692308 | M68: COM | O68: =E68-'315805 - P0824'!F68 -> 0 | P68: =I68-'315805 - P0824'!J68 -> 0
A69: 67 | D69: 2616F - 2X6X16 #2 AND BTR DOUG FIR | E69: 520 | F69: =F65 -> 550 | G69: =+F69-E69 -> 30 | H69: =(F69-E69)/ABS(E69) -> 0.057692308 | I69: 634.22951 | J69: =(I69*H69)+I69 -> 670.81967 | K69: =J69-I69 -> 36.590164 | L69: =(J69-I69)/ABS(I69) -> 0.057692308 | M69: COM | O69: =E69-'315805 - P0824'!F69 -> 0 | P69: =I69-'315805 - P0824'!J69 -> 0
A70: 68 | D70: 2618F - 2X6 X 18' #2&BTR DOUG FIR | E70: 520 | F70: =F65 -> 550 | G70: =+F70-E70 -> 30 | H70: =(F70-E70)/ABS(E70) -> 0.057692308 | I70: 634.22951 | J70: =(I70*H70)+I70 -> 670.81967 | K70: =J70-I70 -> 36.590164 | L70: =(J70-I70)/ABS(I70) -> 0.057692308 | M70: COM | O70: =E70-'315805 - P0824'!F70 -> 0 | P70: =I70-'315805 - P0824'!J70 -> 0
A71: 69 | D71: 2620F - 2X6X20 #2 AND BTR DOUG FIR | E71: 520 | F71: =F67 -> 550 | G71: =+F71-E71 -> 30 | H71: =(F71-E71)/ABS(E71) -> 0.057692308 | I71: 634.22951 | J71: =(I71*H71)+I71 -> 670.81967 | K71: =J71-I71 -> 36.590164 | L71: =(J71-I71)/ABS(I71) -> 0.057692308 | M71: COM | O71: =E71-'315805 - P0824'!F71 -> 0 | P71: =I71-'315805 - P0824'!J71 -> 0
A72: 70 | D72: 288DF - 2X8X8 #2 AND BTR DOUG FIR | E72: 663 | F72: 550 | G72: =+F72-E72 -> -113 | H72: =(F72-E72)/ABS(E72) -> -0.17043741 | I72: 929.94595 | J72: =(I72*H72)+I72 -> 771.44837 | K72: =J72-I72 -> -158.49757 | L72: =(J72-I72)/ABS(I72) -> -0.17043741 | M72: COM | O72: =E72-'315805 - P0824'!F72 -> 0 | P72: =I72-'315805 - P0824'!J72 -> 0
A73: 71 | D73: 2810DF - 2X8X10 #2 AND BTR DOUG FIR | E73: 663 | F73: =F72 -> 550 | G73: =+F73-E73 -> -113 | H73: =(F73-E73)/ABS(E73) -> -0.17043741 | I73: 929.94595 | J73: =(I73*H73)+I73 -> 771.44837 | K73: =J73-I73 -> -158.49757 | L73: =(J73-I73)/ABS(I73) -> -0.17043741 | M73: COM | O73: =E73-'315805 - P0824'!F73 -> 0 | P73: =I73-'315805 - P0824'!J73 -> 0
A74: 72 | D74: 2812DF - 2X8X12 #2 AND BTR DOUG FIR | E74: 663 | F74: =F72 -> 550 | G74: =+F74-E74 -> -113 | H74: =(F74-E74)/ABS(E74) -> -0.17043741 | I74: 929.94595 | J74: =(I74*H74)+I74 -> 771.44837 | K74: =J74-I74 -> -158.49757 | L74: =(J74-I74)/ABS(I74) -> -0.17043741 | M74: COM | O74: =E74-'315805 - P0824'!F74 -> 0 | P74: =I74-'315805 - P0824'!J74 -> 0
A75: 73 | D75: 2814DF - 2X8X14 #2 AND BTR DOUG FIR | E75: 663 | F75: =F72 -> 550 | G75: =+F75-E75 -> -113 | H75: =(F75-E75)/ABS(E75) -> -0.17043741 | I75: 929.94595 | J75: =(I75*H75)+I75 -> 771.44837 | K75: =J75-I75 -> -158.49757 | L75: =(J75-I75)/ABS(I75) -> -0.17043741 | M75: COM | O75: =E75-'315805 - P0824'!F75 -> 0 | P75: =I75-'315805 - P0824'!J75 -> 0
A76: 74 | D76: 2816DF - 2X8X16 #2 AND BTR DOUG FIR | E76: 663 | F76: =F72 -> 550 | G76: =+F76-E76 -> -113 | H76: =(F76-E76)/ABS(E76) -> -0.17043741 | I76: 929.94595 | J76: =(I76*H76)+I76 -> 771.44837 | K76: =J76-I76 -> -158.49757 | L76: =(J76-I76)/ABS(I76) -> -0.17043741 | M76: COM | O76: =E76-'315805 - P0824'!F76 -> 0 | P76: =I76-'315805 - P0824'!J76 -> 0
A77: 75 | D77: 2820DF - 2X8X20 #2 AND BTR DOUG FIR | E77: 663 | F77: =F74 -> 550 | G77: =+F77-E77 -> -113 | H77: =(F77-E77)/ABS(E77) -> -0.17043741 | I77: 929.94595 | J77: =(I77*H77)+I77 -> 771.44837 | K77: =J77-I77 -> -158.49757 | L77: =(J77-I77)/ABS(I77) -> -0.17043741 | M77: COM | O77: =E77-'315805 - P0824'!F77 -> 0 | P77: =I77-'315805 - P0824'!J77 -> 0
A78: 76 | D78: 2108DF - 2X10X8 #2 AND BTR DOUG FIR | E78: 720 | F78: 738 | G78: =+F78-E78 -> 18 | H78: =(F78-E78)/ABS(E78) -> 0.025 | I78: 911.49738 | J78: =(I78*H78)+I78 -> 934.28482 | K78: =J78-I78 -> 22.787435 | L78: =(J78-I78)/ABS(I78) -> 0.025 | M78: COM | O78: =E78-'315805 - P0824'!F78 -> 0 | P78: =I78-'315805 - P0824'!J78 -> 0
A79: 77 | D79: 21010DF - 2X10X10 #2 AND BTR DOUG FIR | E79: 720 | F79: =F78 -> 738 | G79: =+F79-E79 -> 18 | H79: =(F79-E79)/ABS(E79) -> 0.025 | I79: 911.49738 | J79: =(I79*H79)+I79 -> 934.28482 | K79: =J79-I79 -> 22.787435 | L79: =(J79-I79)/ABS(I79) -> 0.025 | M79: COM | O79: =E79-'315805 - P0824'!F79 -> 0 | P79: =I79-'315805 - P0824'!J79 -> 0
A80: 78 | D80: 21012DF - 2X10X12 #2 AND BTR DOUG FIR | E80: 720 | F80: =F78 -> 738 | G80: =+F80-E80 -> 18 | H80: =(F80-E80)/ABS(E80) -> 0.025 | I80: 911.49738 | J80: =(I80*H80)+I80 -> 934.28482 | K80: =J80-I80 -> 22.787435 | L80: =(J80-I80)/ABS(I80) -> 0.025 | M80: COM | O80: =E80-'315805 - P0824'!F80 -> 0 | P80: =I80-'315805 - P0824'!J80 -> 0
A81: 79 | D81: 21014DF - 2X10X14 #2 AND BTR DOUG FIR | E81: 720 | F81: =F78 -> 738 | G81: =+F81-E81 -> 18 | H81: =(F81-E81)/ABS(E81) -> 0.025 | I81: 911.49738 | J81: =(I81*H81)+I81 -> 934.28482 | K81: =J81-I81 -> 22.787435 | L81: =(J81-I81)/ABS(I81) -> 0.025 | M81: COM | O81: =E81-'315805 - P0824'!F81 -> 0 | P81: =I81-'315805 - P0824'!J81 -> 0
A82: 80 | D82: 21016DF - 2X10X16 #2 AND BTR DOUG FIR | E82: 720 | F82: =F78 -> 738 | G82: =+F82-E82 -> 18 | H82: =(F82-E82)/ABS(E82) -> 0.025 | I82: 911.49738 | J82: =(I82*H82)+I82 -> 934.28482 | K82: =J82-I82 -> 22.787435 | L82: =(J82-I82)/ABS(I82) -> 0.025 | M82: COM | O82: =E82-'315805 - P0824'!F82 -> 0 | P82: =I82-'315805 - P0824'!J82 -> 0
A83: 81 | D83: 21020DF - 2X10X20 #2 AND BTR DOUG FIR | E83: 720 | F83: =F80 -> 738 | G83: =+F83-E83 -> 18 | H83: =(F83-E83)/ABS(E83) -> 0.025 | I83: 911.49738 | J83: =(I83*H83)+I83 -> 934.28482 | K83: =J83-I83 -> 22.787435 | L83: =(J83-I83)/ABS(I83) -> 0.025 | M83: COM | O83: =E83-'315805 - P0824'!F83 -> 0 | P83: =I83-'315805 - P0824'!J83 -> 0
A84: 82 | D84: 2128DF - 2X12X8 #2 AND BTR DOUG FIR | E84: 753 | F84: 823 | G84: =+F84-E84 -> 70 | H84: =(F84-E84)/ABS(E84) -> 0.092961487 | I84: 964.57658 | J84: =(I84*H84)+I84 -> 1054.245 | K84: =J84-I84 -> 89.668473 | L84: =(J84-I84)/ABS(I84) -> 0.092961487 | M84: COM | O84: =E84-'315805 - P0824'!F84 -> 0 | P84: =I84-'315805 - P0824'!J84 -> 0
A85: 83 | D85: 21210DF - 2X12X10 #2 AND BTR DOUG FIR | E85: 753 | F85: =F84 -> 823 | G85: =+F85-E85 -> 70 | H85: =(F85-E85)/ABS(E85) -> 0.092961487 | I85: 964.57658 | J85: =(I85*H85)+I85 -> 1054.245 | K85: =J85-I85 -> 89.668473 | L85: =(J85-I85)/ABS(I85) -> 0.092961487 | M85: COM | O85: =E85-'315805 - P0824'!F85 -> 0 | P85: =I85-'315805 - P0824'!J85 -> 0
A86: 84 | D86: 21212DF - 2X12X12 #2 AND BTR DOUG FIR | E86: 753 | F86: =F84 -> 823 | G86: =+F86-E86 -> 70 | H86: =(F86-E86)/ABS(E86) -> 0.092961487 | I86: 964.57658 | J86: =(I86*H86)+I86 -> 1054.245 | K86: =J86-I86 -> 89.668473 | L86: =(J86-I86)/ABS(I86) -> 0.092961487 | M86: COM | O86: =E86-'315805 - P0824'!F86 -> 0 | P86: =I86-'315805 - P0824'!J86 -> 0
A87: 85 | D87: 21214DF - 2X12X14 #2 AND BTR DOUG FIR | E87: 753 | F87: =F84 -> 823 | G87: =+F87-E87 -> 70 | H87: =(F87-E87)/ABS(E87) -> 0.092961487 | I87: 964.57658 | J87: =(I87*H87)+I87 -> 1054.245 | K87: =J87-I87 -> 89.668473 | L87: =(J87-I87)/ABS(I87) -> 0.092961487 | M87: COM | O87: =E87-'315805 - P0824'!F87 -> 0 | P87: =I87-'315805 - P0824'!J87 -> 0
A88: 86 | D88: 21216DF - 2X12X16 #2 AND BTR DOUG FIR | E88: 753 | F88: =F84 -> 823 | G88: =+F88-E88 -> 70 | H88: =(F88-E88)/ABS(E88) -> 0.092961487 | I88: 964.57658 | J88: =(I88*H88)+I88 -> 1054.245 | K88: =J88-I88 -> 89.668473 | L88: =(J88-I88)/ABS(I88) -> 0.092961487 | M88: COM | O88: =E88-'315805 - P0824'!F88 -> 0 | P88: =I88-'315805 - P0824'!J88 -> 0
A89: 87 | D89: 21220DF - 2X12X20 #2 AND BTR DOUG FIR | E89: 753 | F89: =F86 -> 823 | G89: =+F89-E89 -> 70 | H89: =(F89-E89)/ABS(E89) -> 0.092961487 | I89: 964.57658 | J89: =(I89*H89)+I89 -> 1054.245 | K89: =J89-I89 -> 89.668473 | L89: =(J89-I89)/ABS(I89) -> 0.092961487 | M89: COM | O89: =E89-'315805 - P0824'!F89 -> 0 | P89: =I89-'315805 - P0824'!J89 -> 0
A90: 88 | C90: DH | D90: 448DF - 4X4 8' S4S #2 GRN DOUG FIR | E90: 12.85 | F90: 12.85 | G90: =+F90-E90 -> 0 | H90: =(F90-E90)/ABS(E90) -> 0 | I90: 2580.3146 | J90: =(I90*H90)+I90 -> 2580.3146 | K90: =J90-I90 -> 0 | L90: =(J90-I90)/ABS(I90) -> 0 | M90: COM | O90: =E90-'315805 - P0824'!F90 -> 0 | P90: =I90-'315805 - P0824'!J90 -> 0
A91: 89 | D91: End of Dimensional Lumber | H91: =AVERAGE(H65:H90) -> 0.0034227171 | L91: =AVERAGE(L65:L89) -> 0.0035596258
A92: 90 | D92: Sheet Goods | M92: COM | O92: =E92-'315805 - P0824'!F92 -> 0 | P92: =I92-'315805 - P0824'!J92 -> 0
A93: 91 | D93: 48716OSB - 4X8 7/16" OSB | E93: 395 | F93: 381 | G93: =+F93-E93 -> -14 | H93: =(F93-E93)/ABS(E93) -> -0.035443038 | I93: 447.96089 | J93: =(I93*H93)+I93 -> 432.0838 | K93: =J93-I93 -> -15.877095 | L93: =(J93-I93)/ABS(I93) -> -0.035443038 | M93: COM | O93: =E93-'315805 - P0824'!F93 -> 0 | P93: =I93-'315805 - P0824'!J93 -> 0
A94: 92 | D94: 49716OSB - 4X9X7/16 OSB ORIENTED STRANDBOARD | E94: 415 | F94: 401 | G94: =+F94-E94 -> -14 | H94: =(F94-E94)/ABS(E94) -> -0.03373494 | I94: 477.5935 | J94: =(I94*H94)+I94 -> 461.48191 | K94: =J94-I94 -> -16.111588 | L94: =(J94-I94)/ABS(I94) -> -0.03373494 | M94: COM | O94: =E94-'315805 - P0824'!F94 -> 0 | P94: =I94-'315805 - P0824'!J94 -> 0
A95: 93 | D95: 410716OSB - 4X10-7/16" OSB | E95: 415 | F95: 401 | G95: =+F95-E95 -> -14 | H95: =(F95-E95)/ABS(E95) -> -0.03373494 | I95: 474.7946 | J95: =(I95*H95)+I95 -> 458.77744 | K95: =J95-I95 -> -16.017167 | L95: =(J95-I95)/ABS(I95) -> -0.03373494 | M95: COM | O95: =E95-'315805 - P0824'!F95 -> 0 | P95: =I95-'315805 - P0824'!J95 -> 0
A96: 94 | D96: 481532OSB - 4X8 15/32 OSB | E96: 415 | F96: 406 | G96: =+F96-E96 -> -9 | H96: =(F96-E96)/ABS(E96) -> -0.021686747 | I96: 489.17021 | J96: =(I96*H96)+I96 -> 478.5617 | K96: =J96-I96 -> -10.608511 | L96: =(J96-I96)/ABS(I96) -> -0.021686747 | M96: COM | O96: =E96-'315805 - P0824'!F96 -> 0 | P96: =I96-'315805 - P0824'!J96 -> 0
A97: 95 | D97: 4834OSBTG - 4x8 23/32" T&G OSB SUB-FLOORING | E97: 633 | F97: 633 | G97: =+F97-E97 -> 0 | H97: =(F97-E97)/ABS(E97) -> 0 | I97: 744.59271 | J97: =(I97*H97)+I97 -> 744.59271 | K97: =J97-I97 -> 0 | L97: =(J97-I97)/ABS(I97) -> 0 | M97: COM | O97: =E97-'315805 - P0824'!F97 -> 0 | P97: =I97-'315805 - P0824'!J97 -> 0
A98: 96 | C98: DH | D98: 4812NC - 4X8-1/2" CDX NON-COM INTERIOR FIRE RETARDANT | E98: 930 | F98: 930 | G98: =+F98-E98 -> 0 | H98: =(F98-E98)/ABS(E98) -> 0 | I98: 1108.2902 | J98: =(I98*H98)+I98 -> 1108.2902 | K98: =J98-I98 -> 0 | L98: =(J98-I98)/ABS(I98) -> 0 | M98: COM | O98: =E98-'315805 - P0824'!F98 -> 0 | P98: =I98-'315805 - P0824'!J98 -> 0
A99: 97 | C99: DH | D99: 4812PT - 4X8 1/2" TREATED PLYWOOD.60 FOUNDATION CDX | E99: 1127 | F99: 1127 | G99: =+F99-E99 -> 0 | H99: =(F99-E99)/ABS(E99) -> 0 | I99: 1480.3327 | J99: =(I99*H99)+I99 -> 1480.3327 | K99: =J99-I99 -> 0 | L99: =(J99-I99)/ABS(I99) -> 0 | M99: COM | O99: =E99-'315805 - P0824'!F99 -> 0 | P99: =I99-'315805 - P0824'!J99 -> 0
A100: 98 | D100: 4858GYP - 4X8X5/8 EXTERIOR DRYWALL GYP SHEATING | E100: 17.6 | F100: 17.6 | G100: =+F100-E100 -> 0 | H100: =(F100-E100)/ABS(E100) -> 0 | I100: 47.120192 | J100: =(I100*H100)+I100 -> 47.120192 | K100: =J100-I100 -> 0 | L100: =(J100-I100)/ABS(I100) -> 0 | M100: COM | O100: =E100-'315805 - P0824'!F100 -> 0 | P100: =I100-'315805 - P0824'!J100 -> 0
...

Sheet 315805 - P0824
E1: RANDOM LENGTH | F1: RANDOM LENGTH | I1: SELL PRICE | J1: SELL PRICE | M1: TYPE
B2: PROJECT | C2: SUPPLIER | D2: Product Code & Description | E2: P07 2024 JULY 06/14/24 | F2: P08 2024 AUGUST 07/12/24 | I2: P07 2024 JULY 06/14/24 | J2: P08 2024 AUGUST 07/12/24
A3: 1 | D3: Treated Materials | M3: COM
A4: 2 | C4: DH | D4: 2412BT - 2X4 12' Blue Borate Treated | E4: 696 | F4: 671 | G4: =+F4-E4 -> -25 | H4: =(F4-E4)/ABS(E4) -> -0.03591954 | I4: 839.55504 | J4: =(I4*H4)+I4 -> 809.39861 | K4: =J4-I4 -> -30.156431 | L4: =(J4-I4)/ABS(I4) -> -0.03591954 | M4: COM | O4: =E4-'315019 - P0724'!F4 -> 0 | P4: =I4-'315019 - P0724'!J4 -> 0
A5: 3 | D5: 2414BT - 2X4 14' Blue Borate Treated | E5: 696 | F5: =F4 -> 671 | G5: =+F5-E5 -> -25 | H5: =(F5-E5)/ABS(E5) -> -0.03591954 | I5: 839.55504 | J5: =(I5*H5)+I5 -> 809.39861 | K5: =J5-I5 -> -30.156431 | L5: =(J5-I5)/ABS(I5) -> -0.03591954 | M5: COM | O5: =E5-'315019 - P0724'!F5 -> 0 | P5: =I5-'315019 - P0724'!J5 -> 0
A6: 4 | D6: 2416BT - 2X4 16' Blue Borate Treated | E6: 696 | F6: =F4 -> 671 | G6: =+F6-E6 -> -25 | H6: =(F6-E6)/ABS(E6) -> -0.03591954 | I6: 839.55504 | J6: =(I6*H6)+I6 -> 809.39861 | K6: =J6-I6 -> -30.156431 | L6: =(J6-I6)/ABS(I6) -> -0.03591954 | M6: COM | O6: =E6-'315019 - P0724'!F6 -> 0 | P6: =I6-'315019 - P0724'!J6 -> 0
A7: 5 | C7: DH | D7: 2612BT - 2X6 12' Blue Borate Treated | E7: 656 | F7: 606 | G7: =+F7-E7 -> -50 | H7: =(F7-E7)/ABS(E7) -> -0.076219512 | I7: 846.79208 | J7: =(I7*H7)+I7 -> 782.25 | K7: =J7-I7 -> -64.542079 | L7: =(J7-I7)/ABS(I7) -> -0.076219512 | M7: COM | O7: =E7-'315019 - P0724'!F7 -> 0 | P7: =I7-'315019 - P0724'!J7 -> 0
A8: 6 | D8: 2614BT - 2X6 14' Blue Borate Treated | E8: 656 | F8: =F7 -> 606 | G8: =+F8-E8 -> -50 | H8: =(F8-E8)/ABS(E8) -> -0.076219512 | I8: 846.79208 | J8: =(I8*H8)+I8 -> 782.25 | K8: =J8-I8 -> -64.542079 | L8: =(J8-I8)/ABS(I8) -> -0.076219512 | M8: COM | O8: =E8-'315019 - P0724'!F8 -> 0 | P8: =I8-'315019 - P0724'!J8 -> 0
A9: 7 | D9: 2616BT - 2X6 16' Blue Borate Treated | E9: 656 | F9: =F7 -> 606 | G9: =+F9-E9 -> -50 | H9: =(F9-E9)/ABS(E9) -> -0.076219512 | I9: 846.79208 | J9: =(I9*H9)+I9 -> 782.25 | K9: =J9-I9 -> -64.542079 | L9: =(J9-I9)/ABS(I9) -> -0.076219512 | M9: COM | O9: =E9-'315019 - P0724'!F9 -> 0 | P9: =I9-'315019 - P0724'!J9 -> 0
A10: 8 | C10: DH | D10: 2412T - 2x4 12' #1 SYP Treated MCA Cedartone | E10: 800 | F10: 710 | G10: =+F10-E10 -> -90 | H10: =(F10-E10)/ABS(E10) -> -0.1125 | I10: 1062.4797 | J10: =(I10*H10)+I10 -> 942.95073 | K10: =J10-I10 -> -119.52897 | L10: =(J10-I10)/ABS(I10) -> -0.1125 | M10: COM | O10: =E10-'315019 - P0724'!F10 -> 0 | P10: =I10-'315019 - P0724'!J10 -> 0
A11: 9 | D11: 2416T - 2x4 16' #1 SYP Treated MCA Cedartone | E11: 800 | F11: =F10 -> 710 | G11: =+F11-E11 -> -90 | H11: =(F11-E11)/ABS(E11) -> -0.1125 | I11: 1062.4797 | J11: =(I11*H11)+I11 -> 942.95073 | K11: =J11-I11 -> -119.52897 | L11: =(J11-I11)/ABS(I11) -> -0.1125 | M11: COM | O11: =E11-'315019 - P0724'!F11 -> 0 | P11: =I11-'315019 - P0724'!J11 -> 0
A12: 10 | C12: DH | D12: 2612T - 2x6 12' #1 SYP Treated MCA Cedartone | E12: 725 | F12: 685 | G12: =+F12-E12 -> -40 | H12: =(F12-E12)/ABS(E12) -> -0.055172414 | I12: 864.81582 | J12: =(I12*H12)+I12 -> 817.10184 | K12: =J12-I12 -> -47.713976 | L12: =(J12-I12)/ABS(I12) -> -0.055172414 | M12: COM | O12: =E12-'315019 - P0724'!F12 -> 0 | P12: =I12-'315019 - P0724'!J12 -> 0
A13: 11 | D13: 2616T - 2x6 16' #1 SYP Treated MCA Cedartone | E13: 725 | F13: =F12 -> 685 | G13: =+F13-E13 -> -40 | H13: =(F13-E13)/ABS(E13) -> -0.055172414 | I13: 864.81582 | J13: =(I13*H13)+I13 -> 817.10184 | K13: =J13-I13 -> -47.713976 | L13: =(J13-I13)/ABS(I13) -> -0.055172414 | M13: COM | O13: =E13-'315019 - P0724'!F13 -> 0 | P13: =I13-'315019 - P0724'!J13 -> 0
A14: 12 | D14: 2812T - 2x8 12' #1 SYP Treated MCA Cedartone | E14: 700 | F14: 660 | G14: =+F14-E14 -> -40 | H14: =(F14-E14)/ABS(E14) -> -0.057142857 | I14: 899.79852 | J14: =(I14*H14)+I14 -> 848.38146 | K14: =J14-I14 -> -51.417058 | L14: =(J14-I14)/ABS(I14) -> -0.057142857 | M14: COM | O14: =E14-'315019 - P0724'!F14 -> 0 | P14: =I14-'315019 - P0724'!J14 -> 0
A15: 13 | D15: 2816T - 2x8 16' #1 SYP Treated MCA Cedartone | E15: 700 | F15: =F14 -> 660 | G15: =+F15-E15 -> -40 | H15: =(F15-E15)/ABS(E15) -> -0.057142857 | I15: 899.79852 | J15: =(I15*H15)+I15 -> 848.38146 | K15: =J15-I15 -> -51.417058 | L15: =(J15-I15)/ABS(I15) -> -0.057142857 | M15: COM | O15: =E15-'315019 - P0724'!F15 -> 0 | P15: =I15-'315019 - P0724'!J15 -> 0
A16: 14 | C16: DH | D16: 21012T - 2x10 12' #1 SYP Treated MCA Cedartone | E16: 790 | F16: 780 | G16: =+F16-E16 -> -10 | H16: =(F16-E16)/ABS(E16) -> -0.012658228 | I16: 1112.7957 | J16: =(I16*H16)+I16 -> 1098.7097 | K16: =J16-I16 -> -14.086022 | L16: =(J16-I16)/ABS(I16) -> -0.012658228 | M16: COM | O16: =E16-'315019 - P0724'!F16 -> 0 | P16: =I16-'315019 - P0724'!J16 -> 0
A17: 15 | D17: 21016T - 2x10 16' #1 SYP Treated MCA Cedartone | E17: 790 | F17: =F16 -> 780 | G17: =+F17-E17 -> -10 | H17: =(F17-E17)/ABS(E17) -> -0.012658228 | I17: 1112.7957 | J17: =(I17*H17)+I17 -> 1098.7097 | K17: =J17-I17 -> -14.086022 | L17: =(J17-I17)/ABS(I17) -> -0.012658228 | M17: COM | O17: =E17-'315019 - P0724'!F17 -> 0 | P17: =I17-'315019 - P0724'!J17 -> 0
A18: 16 | C18: DH | D18: 21212T - 2x12 12' #1 SYP Treated MCA Cedartone | E18: 850 | F18: 845 | G18: =+F18-E18 -> -5 | H18: =(F18-E18)/ABS(E18) -> -0.0058823529 | I18: 1181.3027 | J18: =(I18*H18)+I18 -> 1174.3539 | K18: =J18-I18 -> -6.9488397 | L18: =(J18-I18)/ABS(I18) -> -0.0058823529 | M18: COM | O18: =E18-'315019 - P0724'!F18 -> 0 | P18: =I18-'315019 - P0724'!J18 -> 0
A19: 17 | D19: 21216T - 2x12 16' #1 SYP Treated MCA Cedartone | E19: 850 | F19: =F18 -> 845 | G19: =+F19-E19 -> -5 | H19: =(F19-E19)/ABS(E19) -> -0.0058823529 | I19: 1181.3027 | J19: =(I19*H19)+I19 -> 1174.3539 | K19: =J19-I19 -> -6.9488397 | L19: =(J19-I19)/ABS(I19) -> -0.0058823529 | M19: COM | O19: =E19-'315019 - P0724'!F19 -> 0 | P19: =I19-'315019 - P0724'!J19 -> 0
A20: 18 | C20: DH | D20: 21220T - 2x12 20' #1 SYP Treated MCA Cedartone | E20: 1040 | F20: 1040 | G20: =+F20-E20 -> 0 | H20: =(F20-E20)/ABS(E20) -> 0 | I20: 2099.3185 | J20: =(I20*H20)+I20 -> 2099.3185 | K20: =J20-I20 -> 0 | L20: =(J20-I20)/ABS(I20) -> 0 | M20: COM | O20: =E20-'315019 - P0724'!F20 -> 998.2 | P20: =I20-'315019 - P0724'!J20 -> 0
A21: 19 | C21: DH | D21: 4410T - 4X4 10' HF Std/btr S4S CEDARTONE GROUND CONTACT | E21: 16.07 | F21: 16.07 | G21: =+F21-E21 -> 0 | H21: =(F21-E21)/ABS(E21) -> 0 | I21: 36.488665 | J21: =(I21*H21)+I21 -> 36.488665 | K21: =J21-I21 -> 0 | L21: =(J21-I21)/ABS(I21) -> 0 | M21: COM | O21: =E21-'315019 - P0724'!F21 -> 0 | P21: =I21-'315019 - P0724'!J21 -> 0
A22: 20 | C22: DH | D22: 6610T - 6X6 10' HF #2 S4S CEDARTONE GROUND CONTACT | E22: 1430 | F22: 1430 | G22: =+F22-E22 -> 0 | H22: =(F22-E22)/ABS(E22) -> 0 | I22: 2041.9222 | J22: =(I22*H22)+I22 -> 2041.9222 | K22: =J22-I22 -> 0 | L22: =(J22-I22)/ABS(I22) -> 0 | M22: COM | O22: =E22-'315019 - P0724'!F22 -> 0 | P22: =I22-'315019 - P0724'!J22 -> 0
A23: 21 | D23: 6612T - 6X6 12' HF #2 S4S CEDARTONE GROUND CONTACT | E23: 1430 | F23: =F22 -> 1430 | G23: =+F23-E23 -> 0 | H23: =(F23-E23)/ABS(E23) -> 0 | I23: 2041.9222 | J23: =(I23*H23)+I23 -> 2041.9222 | K23: =J23-I23 -> 0 | L23: =(J23-I23)/ABS(I23) -> 0 | M23: COM | O23: =E23-'315019 - P0724'!F23 -> 0 | P23: =I23-'315019 - P0724'!J23 -> 0
A24: 22 | D24: End of Treated Materials | H24: =AVERAGE(H4:H23) -> -0.041156443 | L24: =AVERAGE(L4:L23) -> -0.041156443
A25: 23 | D25: Studs | M25: COM
A26: 24 | D26: 2492F - 2X4 92-5/8 HEM FIR STUD | E26: 486 | F26: 441 | G26: =+F26-E26 -> -45 | H26: =(F26-E26)/ABS(E26) -> -0.092592593 | I26: 721.06173 | J26: =(I26*H26)+I26 -> 654.29675 | K26: =J26-I26 -> -66.764975 | L26: =(J26-I26)/ABS(I26) -> -0.092592593 | M26: COM | O26: =E26-'315019 - P0724'!F26 -> 0 | P26: =I26-'315019 - P0724'!J26 -> 0
A27: 25 | D27: 24104F - 2X4 104-5/8 HEM FIR STUD | E27: 506 | F27: 471 | G27: =+F27-E27 -> -35 | H27: =(F27-E27)/ABS(E27) -> -0.06916996 | I27: 667.52172 | J27: =(I27*H27)+I27 -> 621.34927 | K27: =J27-I27 -> -46.172451 | L27: =(J27-I27)/ABS(I27) -> -0.06916996 | M27: COM | O27: =E27-'315019 - P0724'!F27 -> 0 | P27: =I27-'315019 - P0724'!J27 -> 0
A28: 26 | D28: 24116F - 2X4 116-5/8 HEM FIR STUD | E28: 506 | F28: 471 | G28: =+F28-E28 -> -35 | H28: =(F28-E28)/ABS(E28) -> -0.06916996 | I28: 626.9158 | J28: =(I28*H28)+I28 -> 583.55206 | K28: =J28-I28 -> -43.363741 | L28: =(J28-I28)/ABS(I28) -> -0.06916996 | M28: COM | O28: =E28-'315019 - P0724'!F28 -> 0 | P28: =I28-'315019 - P0724'!J28 -> 0
A29: 27 | D29: 2692F - 2X6 92-5/8 HEM FIR STUD | E29: 451 | F29: 431 | G29: =+F29-E29 -> -20 | H29: =(F29-E29)/ABS(E29) -> -0.044345898 | I29: 579.75675 | J29: =(I29*H29)+I29 -> 554.04692 | K29: =J29-I29 -> -25.709834 | L29: =(J29-I29)/ABS(I29) -> -0.044345898 | M29: COM | O29: =E29-'315019 - P0724'!F29 -> 0 | P29: =I29-'315019 - P0724'!J29 -> 0
A30: 28 | D30: 26104F - 2X6 104-5/8 HEM FIR STUD | E30: 556 | F30: 526 | G30: =+F30-E30 -> -30 | H30: =(F30-E30)/ABS(E30) -> -0.053956835 | I30: 703.62404 | J30: =(I30*H30)+I30 -> 665.65872 | K30: =J30-I30 -> -37.965326 | L30: =(J30-I30)/ABS(I30) -> -0.053956835 | M30: COM | O30: =E30-'315019 - P0724'!F30 -> 0 | P30: =I30-'315019 - P0724'!J30 -> 0
A31: 29 | D31: 26116F - 2X6 116-5/8 HEM FIR STUD | E31: 556 | F31: 526 | G31: =+F31-E31 -> -30 | H31: =(F31-E31)/ABS(E31) -> -0.053956835 | I31: 664.70911 | J31: =(I31*H31)+I31 -> 628.84351 | K31: =J31-I31 -> -35.8656 | L31: =(J31-I31)/ABS(I31) -> -0.053956835 | M31: COM | O31: =E31-'315019 - P0724'!F31 -> 0 | P31: =I31-'315019 - P0724'!J31 -> 0
A32: 30 | D32: End of Studs | H32: =AVERAGE(H26:H31) -> -0.063865347 | L32: =AVERAGE(L26:L31) -> -0.063865347
A33: 31 | D33: Dimensional Lumber | M33: COM
A34: 32 | D34: 248F - 2X4X8 #2 AND BTR HEM FIR | E34: 565 | F34: 540 | G34: =+F34-E34 -> -25 | H34: =(F34-E34)/ABS(E34) -> -0.044247788 | I34: 642.44397 | J34: =(I34*H34)+I34 -> 614.01724 | K34: =J34-I34 -> -28.426724 | L34: =(J34-I34)/ABS(I34) -> -0.044247788 | M34: COM | O34: =E34-'315019 - P0724'!F34 -> 0 | P34: =I34-'315019 - P0724'!J34 -> 0
A35: 33 | D35: 2410F - 2X4X10 #2 AND BTR HEM FIR | E35: 565 | F35: =F34 -> 540 | G35: =+F35-E35 -> -25 | H35: =(F35-E35)/ABS(E35) -> -0.044247788 | I35: 642.44397 | J35: =(I35*H35)+I35 -> 614.01724 | K35: =J35-I35 -> -28.426724 | L35: =(J35-I35)/ABS(I35) -> -0.044247788 | M35: COM | O35: =E35-'315019 - P0724'!F35 -> 0 | P35: =I35-'315019 - P0724'!J35 -> 0
A36: 34 | D36: 2412F - 2X4X12 #2 AND BTR HEM FIR | E36: 565 | F36: =F34 -> 540 | G36: =+F36-E36 -> -25 | H36: =(F36-E36)/ABS(E36) -> -0.044247788 | I36: 642.44397 | J36: =(I36*H36)+I36 -> 614.01724 | K36: =J36-I36 -> -28.426724 | L36: =(J36-I36)/ABS(I36) -> -0.044247788 | M36: COM | O36: =E36-'315019 - P0724'!F36 -> 0 | P36: =I36-'315019 - P0724'!J36 -> 0
A37: 35 | D37: 2414F - 2X4X14 #2 AND BTR HEM FIR | E37: 565 | F37: =F34 -> 540 | G37: =+F37-E37 -> -25 | H37: =(F37-E37)/ABS(E37) -> -0.044247788 | I37: 642.44397 | J37: =(I37*H37)+I37 -> 614.01724 | K37: =J37-I37 -> -28.426724 | L37: =(J37-I37)/ABS(I37) -> -0.044247788 | M37: COM | O37: =E37-'315019 - P0724'!F37 -> 0 | P37: =I37-'315019 - P0724'!J37 -> 0
A38: 36 | D38: 2416F - 2X4X16 #2 AND BTR HEM FIR | E38: 565 | F38: =F34 -> 540 | G38: =+F38-E38 -> -25 | H38: =(F38-E38)/ABS(E38) -> -0.044247788 | I38: 642.44397 | J38: =(I38*H38)+I38 -> 614.01724 | K38: =J38-I38 -> -28.426724 | L38: =(J38-I38)/ABS(I38) -> -0.044247788 | M38: COM | O38: =E38-'315019 - P0724'!F38 -> 0 | P38: =I38-'315019 - P0724'!J38 -> 0
A39: 37 | D39: 2418F - 2X4X18 #2 AND BTR HEM FIR | E39: 565 | F39: =F34 -> 540 | G39: =+F39-E39 -> -25 | H39: =(F39-E39)/ABS(E39) -> -0.044247788 | I39: 642.44397 | J39: =(I39*H39)+I39 -> 614.01724 | K39: =J39-I39 -> -28.426724 | L39: =(J39-I39)/ABS(I39) -> -0.044247788 | M39: COM | O39: =E39-'315019 - P0724'!F39 -> 0 | P39: =I39-'315019 - P0724'!J39 -> 0
A40: 38 | D40: 2420F - 2X4X20 #2 AND BTR HEM FIR | E40: 565 | F40: =F34 -> 540 | G40: =+F40-E40 -> -25 | H40: =(F40-E40)/ABS(E40) -> -0.044247788 | I40: 642.44397 | J40: =(I40*H40)+I40 -> 614.01724 | K40: =J40-I40 -> -28.426724 | L40: =(J40-I40)/ABS(I40) -> -0.044247788 | M40: COM | O40: =E40-'315019 - P0724'!F40 -> 0 | P40: =I40-'315019 - P0724'!J40 -> 0
A41: 39 | D41: 242RLF - 2X4 R/L #2 AND BTR HEM FIR | E41: 565 | F41: =F35 -> 540 | G41: =+F41-E41 -> -25 | H41: =(F41-E41)/ABS(E41) -> -0.044247788 | I41: 642.44397 | J41: =(I41*H41)+I41 -> 614.01724 | K41: =J41-I41 -> -28.426724 | L41: =(J41-I41)/ABS(I41) -> -0.044247788 | M41: COM | O41: =E41-'315019 - P0724'!F41 -> 0 | P41: =I41-'315019 - P0724'!J41 -> 0
A42: 40 | D42: 268F - 2X6X8 #2 AND BTR HEM FIR | E42: 545 | F42: 525 | G42: =+F42-E42 -> -20 | H42: =(F42-E42)/ABS(E42) -> -0.036697248 | I42: 621.50962 | J42: =(I42*H42)+I42 -> 598.70192 | K42: =J42-I42 -> -22.807692 | L42: =(J42-I42)/ABS(I42) -> -0.036697248 | M42: COM | O42: =E42-'315019 - P0724'!F42 -> 0 | P42: =I42-'315019 - P0724'!J42 -> 0
A43: 41 | D43: 2610F - 2X6X10 #2 AND BTR HEM FIR | E43: 545 | F43: =F42 -> 525 | G43: =+F43-E43 -> -20 | H43: =(F43-E43)/ABS(E43) -> -0.036697248 | I43: 621.50962 | J43: =(I43*H43)+I43 -> 598.70192 | K43: =J43-I43 -> -22.807692 | L43: =(J43-I43)/ABS(I43) -> -0.036697248 | M43: COM | O43: =E43-'315019 - P0724'!F43 -> 0 | P43: =I43-'315019 - P0724'!J43 -> 0
A44: 42 | D44: 2612F - 2X6X12 #2 AND BTR HEM FIR | E44: 545 | F44: =F42 -> 525 | G44: =+F44-E44 -> -20 | H44: =(F44-E44)/ABS(E44) -> -0.036697248 | I44: 621.50962 | J44: =(I44*H44)+I44 -> 598.70192 | K44: =J44-I44 -> -22.807692 | L44: =(J44-I44)/ABS(I44) -> -0.036697248 | M44: COM | O44: =E44-'315019 - P0724'!F44 -> 0 | P44: =I44-'315019 - P0724'!J44 -> 0
A45: 43 | D45: 2614F - 2X6X14 #2 AND BTR HEM FIR | E45: 545 | F45: =F42 -> 525 | G45: =+F45-E45 -> -20 | H45: =(F45-E45)/ABS(E45) -> -0.036697248 | I45: 621.50962 | J45: =(I45*H45)+I45 -> 598.70192 | K45: =J45-I45 -> -22.807692 | L45: =(J45-I45)/ABS(I45) -> -0.036697248 | M45: COM | O45: =E45-'315019 - P0724'!F45 -> 0 | P45: =I45-'315019 - P0724'!J45 -> 0
A46: 44 | D46: 2616F - 2X6X16 #2 AND BTR HEM FIR | E46: 545 | F46: =F42 -> 525 | G46: =+F46-E46 -> -20 | H46: =(F46-E46)/ABS(E46) -> -0.036697248 | I46: 621.50962 | J46: =(I46*H46)+I46 -> 598.70192 | K46: =J46-I46 -> -22.807692 | L46: =(J46-I46)/ABS(I46) -> -0.036697248 | M46: COM | O46: =E46-'315019 - P0724'!F46 -> 0 | P46: =I46-'315019 - P0724'!J46 -> 0
A47: 45 | D47: 2618F - 2X6 X 18' #2&BTR HEM FIR | E47: 545 | F47: =F42 -> 525 | G47: =+F47-E47 -> -20 | H47: =(F47-E47)/ABS(E47) -> -0.036697248 | I47: 621.50962 | J47: =(I47*H47)+I47 -> 598.70192 | K47: =J47-I47 -> -22.807692 | L47: =(J47-I47)/ABS(I47) -> -0.036697248 | M47: COM | O47: =E47-'315019 - P0724'!F47 -> 0 | P47: =I47-'315019 - P0724'!J47 -> 0
A48: 46 | D48: 2620F - 2X6X20 #2 & BTR HEM FIR | E48: 545 | F48: =F42 -> 525 | G48: =+F48-E48 -> -20 | H48: =(F48-E48)/ABS(E48) -> -0.036697248 | I48: 621.50962 | J48: =(I48*H48)+I48 -> 598.70192 | K48: =J48-I48 -> -22.807692 | L48: =(J48-I48)/ABS(I48) -> -0.036697248 | M48: COM | O48: =E48-'315019 - P0724'!F48 -> 0 | P48: =I48-'315019 - P0724'!J48 -> 0
A49: 47 | D49: 26RLF - 2X6 R/L #2 & BTR HEM FIR | E49: 545 | F49: =F43 -> 525 | G49: =+F49-E49 -> -20 | H49: =(F49-E49)/ABS(E49) -> -0.036697248 | I49: 621.50962 | J49: =(I49*H49)+I49 -> 598.70192 | K49: =J49-I49 -> -22.807692 | L49: =(J49-I49)/ABS(I49) -> -0.036697248 | M49: COM | O49: =E49-'315019 - P0724'!F49 -> 0 | P49: =I49-'315019 - P0724'!J49 -> 0
A50: 48 | D50: 2810F - 2X8X10 #2 AND BTR HEM FIR | E50: 485 | F50: 480 | G50: =+F50-E50 -> -5 | H50: =(F50-E50)/ABS(E50) -> -0.010309278 | I50: 600.39144 | J50: =(I50*H50)+I50 -> 594.20183 | K50: =J50-I50 -> -6.1896024 | L50: =(J50-I50)/ABS(I50) -> -0.010309278 | M50: COM | O50: =E50-'315019 - P0724'!F50 -> 0 | P50: =I50-'315019 - P0724'!J50 -> 0
A51: 49 | D51: 2812F - 2X8X12 #2 AND BTR HEM FIR | E51: 485 | F51: =F50 -> 480 | G51: =+F51-E51 -> -5 | H51: =(F51-E51)/ABS(E51) -> -0.010309278 | I51: 600.39144 | J51: =(I51*H51)+I51 -> 594.20183 | K51: =J51-I51 -> -6.1896024 | L51: =(J51-I51)/ABS(I51) -> -0.010309278 | M51: COM | O51: =E51-'315019 - P0724'!F51 -> 0 | P51: =I51-'315019 - P0724'!J51 -> 0
A52: 50 | D52: 2814F - 2X8X14 #2 AND BTR HEM FIR | E52: 485 | F52: =F50 -> 480 | G52: =+F52-E52 -> -5 | H52: =(F52-E52)/ABS(E52) -> -0.010309278 | I52: 600.39144 | J52: =(I52*H52)+I52 -> 594.20183 | K52: =J52-I52 -> -6.1896024 | L52: =(J52-I52)/ABS(I52) -> -0.010309278 | M52: COM | O52: =E52-'315019 - P0724'!F52 -> 0 | P52: =I52-'315019 - P0724'!J52 -> 0
A53: 51 | D53: 2816F - 2X8X16 #2 AND BTR HEM FIR | E53: 485 | F53: =F50 -> 480 | G53: =+F53-E53 -> -5 | H53: =(F53-E53)/ABS(E53) -> -0.010309278 | I53: 600.39144 | J53: =(I53*H53)+I53 -> 594.20183 | K53: =J53-I53 -> -6.1896024 | L53: =(J53-I53)/ABS(I53) -> -0.010309278 | M53: COM | O53: =E53-'315019 - P0724'!F53 -> 0 | P53: =I53-'315019 - P0724'!J53 -> 0
A54: 52 | D54: 2108F - 2X10X8 #2 AND BTR HEM FIR | E54: 518 | F54: 513 | G54: =+F54-E54 -> -5 | H54: =(F54-E54)/ABS(E54) -> -0.0096525097 | I54: 826.69526 | J54: =(I54*H54)+I54 -> 818.71558 | K54: =J54-I54 -> -7.979684 | L54: =(J54-I54)/ABS(I54) -> -0.0096525097 | M54: COM | O54: =E54-'315019 - P0724'!F54 -> 0 | P54: =I54-'315019 - P0724'!J54 -> 0
A55: 53 | D55: 21010F - 2X10X10 #2 AND BTR HEM FIR | E55: 518 | F55: =F54 -> 513 | G55: =+F55-E55 -> -5 | H55: =(F55-E55)/ABS(E55) -> -0.0096525097 | I55: 826.69526 | J55: =(I55*H55)+I55 -> 818.71558 | K55: =J55-I55 -> -7.979684 | L55: =(J55-I55)/ABS(I55) -> -0.0096525097 | M55: COM | O55: =E55-'315019 - P0724'!F55 -> 0 | P55: =I55-'315019 - P0724'!J55 -> 0
A56: 54 | D56: 21012F - 2X10X12 #2 AND BTR HEM FIR | E56: 518 | F56: =F54 -> 513 | G56: =+F56-E56 -> -5 | H56: =(F56-E56)/ABS(E56) -> -0.0096525097 | I56: 826.69526 | J56: =(I56*H56)+I56 -> 818.71558 | K56: =J56-I56 -> -7.979684 | L56: =(J56-I56)/ABS(I56) -> -0.0096525097 | M56: COM | O56: =E56-'315019 - P0724'!F56 -> 0 | P56: =I56-'315019 - P0724'!J56 -> 0
A57: 55 | D57: 21014F - 2X10X14 #2 AND BTR HEM FIR | E57: 518 | F57: =F54 -> 513 | G57: =+F57-E57 -> -5 | H57: =(F57-E57)/ABS(E57) -> -0.0096525097 | I57: 826.69526 | J57: =(I57*H57)+I57 -> 818.71558 | K57: =J57-I57 -> -7.979684 | L57: =(J57-I57)/ABS(I57) -> -0.0096525097 | M57: COM | O57: =E57-'315019 - P0724'!F57 -> 0 | P57: =I57-'315019 - P0724'!J57 -> 0
A58: 56 | D58: 21016F - 2X10X16 #2 AND BTR HEM FIR | E58: 518 | F58: =F54 -> 513 | G58: =+F58-E58 -> -5 | H58: =(F58-E58)/ABS(E58) -> -0.0096525097 | I58: 826.69526 | J58: =(I58*H58)+I58 -> 818.71558 | K58: =J58-I58 -> -7.979684 | L58: =(J58-I58)/ABS(I58) -> -0.0096525097 | M58: COM | O58: =E58-'315019 - P0724'!F58 -> 0 | P58: =I58-'315019 - P0724'!J58 -> 0
A59: 57 | D59: 21210F - 2X12X10 #2 AND BTR HEM FIR | E59: 513 | F59: 513 | G59: =+F59-E59 -> 0 | H59: =(F59-E59)/ABS(E59) -> 0 | I59: 737.07993 | J59: =(I59*H59)+I59 -> 737.07993 | K59: =J59-I59 -> 0 | L59: =(J59-I59)/ABS(I59) -> 0 | M59: COM | O59: =E59-'315019 - P0724'!F59 -> 0 | P59: =I59-'315019 - P0724'!J59 -> 0
A60: 58 | D60: 21212F - 2X12X12 #2 AND BTR HEM FIR | E60: 513 | F60: =F59 -> 513 | G60: =+F60-E60 -> 0 | H60: =(F60-E60)/ABS(E60) -> 0 | I60: 737.07993 | J60: =(I60*H60)+I60 -> 737.07993 | K60: =J60-I60 -> 0 | L60: =(J60-I60)/ABS(I60) -> 0 | M60: COM | O60: =E60-'315019 - P0724'!F60 -> 0 | P60: =I60-'315019 - P0724'!J60 -> 0
A61: 59 | D61: 21214F - 2X12X14 #2 AND BTR HEM FIR | E61: 513 | F61: =F59 -> 513 | G61: =+F61-E61 -> 0 | H61: =(F61-E61)/ABS(E61) -> 0 | I61: 737.07993 | J61: =(I61*H61)+I61 -> 737.07993 | K61: =J61-I61 -> 0 | L61: =(J61-I61)/ABS(I61) -> 0 | M61: COM | O61: =E61-'315019 - P0724'!F61 -> 0 | P61: =I61-'315019 - P0724'!J61 -> 0
A62: 60 | D62: 21216F - 2X12X16 #2 AND BTR HEM FIR | E62: 513 | F62: =F59 -> 513 | G62: =+F62-E62 -> 0 | H62: =(F62-E62)/ABS(E62) -> 0 | I62: 737.07993 | J62: =(I62*H62)+I62 -> 737.07993 | K62: =J62-I62 -> 0 | L62: =(J62-I62)/ABS(I62) -> 0 | M62: COM | O62: =E62-'315019 - P0724'!F62 -> 0 | P62: =I62-'315019 - P0724'!J62 -> 0
A63: 61 | H63: =AVERAGE(H34:H62) -> -0.02541586 | L63: =AVERAGE(L34:L62) -> -0.02541586
A64: 62 | D64: DOUG FIR
A65: 63 | D65: 268F - 2X6X8 #2 AND BTR DOUG FIR | E65: 530 | F65: 520 | G65: =+F65-E65 -> -10 | H65: =(F65-E65)/ABS(E65) -> -0.018867925 | I65: 646.42623 | J65: =(I65*H65)+I65 -> 634.22951 | K65: =J65-I65 -> -12.196721 | L65: =(J65-I65)/ABS(I65) -> -0.018867925 | M65: COM | O65: =E65-'315019 - P0724'!F65 -> 0 | P65: =I65-'315019 - P0724'!J65 -> 0
A66: 64 | D66: 2610F - 2X6X10 #2 AND BTR DOUG FIR | E66: 530 | F66: =F65 -> 520 | G66: =+F66-E66 -> -10 | H66: =(F66-E66)/ABS(E66) -> -0.018867925 | I66: 646.42623 | J66: =(I66*H66)+I66 -> 634.22951 | K66: =J66-I66 -> -12.196721 | L66: =(J66-I66)/ABS(I66) -> -0.018867925 | M66: COM | O66: =E66-'315019 - P0724'!F66 -> 0 | P66: =I66-'315019 - P0724'!J66 -> 0
A67: 65 | D67: 2612F - 2X6X12 #2 AND BTR DOUG FIR | E67: 530 | F67: =F65 -> 520 | G67: =+F67-E67 -> -10 | H67: =(F67-E67)/ABS(E67) -> -0.018867925 | I67: 646.42623 | J67: =(I67*H67)+I67 -> 634.22951 | K67: =J67-I67 -> -12.196721 | L67: =(J67-I67)/ABS(I67) -> -0.018867925 | M67: COM | O67: =E67-'315019 - P0724'!F67 -> 0 | P67: =I67-'315019 - P0724'!J67 -> 0
A68: 66 | D68: 2614F - 2X6X14 #2 AND BTR DOUG FIR | E68: 530 | F68: =F65 -> 520 | G68: =+F68-E68 -> -10 | H68: =(F68-E68)/ABS(E68) -> -0.018867925 | I68: 646.42623 | J68: =(I68*H68)+I68 -> 634.22951 | K68: =J68-I68 -> -12.196721 | L68: =(J68-I68)/ABS(I68) -> -0.018867925 | M68: COM | O68: =E68-'315019 - P0724'!F68 -> 0 | P68: =I68-'315019 - P0724'!J68 -> 0
A69: 67 | D69: 2616F - 2X6X16 #2 AND BTR DOUG FIR | E69: 530 | F69: =F65 -> 520 | G69: =+F69-E69 -> -10 | H69: =(F69-E69)/ABS(E69) -> -0.018867925 | I69: 646.42623 | J69: =(I69*H69)+I69 -> 634.22951 | K69: =J69-I69 -> -12.196721 | L69: =(J69-I69)/ABS(I69) -> -0.018867925 | M69: COM | O69: =E69-'315019 - P0724'!F69 -> 0 | P69: =I69-'315019 - P0724'!J69 -> 0
A70: 68 | D70: 2618F - 2X6 X 18' #2&BTR DOUG FIR | E70: 530 | F70: =F65 -> 520 | G70: =+F70-E70 -> -10 | H70: =(F70-E70)/ABS(E70) -> -0.018867925 | I70: 646.42623 | J70: =(I70*H70)+I70 -> 634.22951 | K70: =J70-I70 -> -12.196721 | L70: =(J70-I70)/ABS(I70) -> -0.018867925 | M70: COM | O70: =E70-'315019 - P0724'!F70 -> 0 | P70: =I70-'315019 - P0724'!J70 -> 0
A71: 69 | D71: 2620F - 2X6X20 #2 AND BTR DOUG FIR | E71: 530 | F71: =F67 -> 520 | G71: =+F71-E71 -> -10 | H71: =(F71-E71)/ABS(E71) -> -0.018867925 | I71: 646.42623 | J71: =(I71*H71)+I71 -> 634.22951 | K71: =J71-I71 -> -12.196721 | L71: =(J71-I71)/ABS(I71) -> -0.018867925 | M71: COM | O71: =E71-'315019 - P0724'!F71 -> 0 | P71: =I71-'315019 - P0724'!J71 -> 0
A72: 70 | D72: 288DF - 2X8X8 #2 AND BTR DOUG FIR | E72: 673 | F72: 663 | G72: =+F72-E72 -> -10 | H72: =(F72-E72)/ABS(E72) -> -0.014858841 | I72: 943.97228 | J72: =(I72*H72)+I72 -> 929.94595 | K72: =J72-I72 -> -14.026334 | L72: =(J72-I72)/ABS(I72) -> -0.014858841 | M72: COM | O72: =E72-'315019 - P0724'!F72 -> 0 | P72: =I72-'315019 - P0724'!J72 -> 0
A73: 71 | D73: 2810DF - 2X8X10 #2 AND BTR DOUG FIR | E73: 673 | F73: =F72 -> 663 | G73: =+F73-E73 -> -10 | H73: =(F73-E73)/ABS(E73) -> -0.014858841 | I73: 943.97228 | J73: =(I73*H73)+I73 -> 929.94595 | K73: =J73-I73 -> -14.026334 | L73: =(J73-I73)/ABS(I73) -> -0.014858841 | M73: COM | O73: =E73-'315019 - P0724'!F73 -> 0 | P73: =I73-'315019 - P0724'!J73 -> 0
A74: 72 | D74: 2812DF - 2X8X12 #2 AND BTR DOUG FIR | E74: 673 | F74: =F72 -> 663 | G74: =+F74-E74 -> -10 | H74: =(F74-E74)/ABS(E74) -> -0.014858841 | I74: 943.97228 | J74: =(I74*H74)+I74 -> 929.94595 | K74: =J74-I74 -> -14.026334 | L74: =(J74-I74)/ABS(I74) -> -0.014858841 | M74: COM | O74: =E74-'315019 - P0724'!F74 -> 0 | P74: =I74-'315019 - P0724'!J74 -> 0
A75: 73 | D75: 2814DF - 2X8X14 #2 AND BTR DOUG FIR | E75: 673 | F75: =F72 -> 663 | G75: =+F75-E75 -> -10 | H75: =(F75-E75)/ABS(E75) -> -0.014858841 | I75: 943.97228 | J75: =(I75*H75)+I75 -> 929.94595 | K75: =J75-I75 -> -14.026334 | L75: =(J75-I75)/ABS(I75) -> -0.014858841 | M75: COM | O75: =E75-'315019 - P0724'!F75 -> 0 | P75: =I75-'315019 - P0724'!J75 -> 0
A76: 74 | D76: 2816DF - 2X8X16 #2 AND BTR DOUG FIR | E76: 673 | F76: =F72 -> 663 | G76: =+F76-E76 -> -10 | H76: =(F76-E76)/ABS(E76) -> -0.014858841 | I76: 943.97228 | J76: =(I76*H76)+I76 -> 929.94595 | K76: =J76-I76 -> -14.026334 | L76: =(J76-I76)/ABS(I76) -> -0.014858841 | M76: COM | O76: =E76-'315019 - P0724'!F76 -> 0 | P76: =I76-'315019 - P0724'!J76 -> 0
A77: 75 | D77: 2820DF - 2X8X20 #2 AND BTR DOUG FIR | E77: 673 | F77: =F74 -> 663 | G77: =+F77-E77 -> -10 | H77: =(F77-E77)/ABS(E77) -> -0.014858841 | I77: 943.97228 | J77: =(I77*H77)+I77 -> 929.94595 | K77: =J77-I77 -> -14.026334 | L77: =(J77-I77)/ABS(I77) -> -0.014858841 | M77: COM | O77: =E77-'315019 - P0724'!F77 -> 0 | P77: =I77-'315019 - P0724'!J77 -> 0
A78: 76 | D78: 2108DF - 2X10X8 #2 AND BTR DOUG FIR | E78: 728 | F78: 720 | G78: =+F78-E78 -> -8 | H78: =(F78-E78)/ABS(E78) -> -0.010989011 | I78: 921.62513 | J78: =(I78*H78)+I78 -> 911.49738 | K78: =J78-I78 -> -10.127749 | L78: =(J78-I78)/ABS(I78) -> -0.010989011 | M78: COM | O78: =E78-'315019 - P0724'!F78 -> 0 | P78: =I78-'315019 - P0724'!J78 -> 0
A79: 77 | D79: 21010DF - 2X10X10 #2 AND BTR DOUG FIR | E79: 728 | F79: =F78 -> 720 | G79: =+F79-E79 -> -8 | H79: =(F79-E79)/ABS(E79) -> -0.010989011 | I79: 921.62513 | J79: =(I79*H79)+I79 -> 911.49738 | K79: =J79-I79 -> -10.127749 | L79: =(J79-I79)/ABS(I79) -> -0.010989011 | M79: COM | O79: =E79-'315019 - P0724'!F79 -> 0 | P79: =I79-'315019 - P0724'!J79 -> 0
A80: 78 | D80: 21012DF - 2X10X12 #2 AND BTR DOUG FIR | E80: 728 | F80: =F78 -> 720 | G80: =+F80-E80 -> -8 | H80: =(F80-E80)/ABS(E80) -> -0.010989011 | I80: 921.62513 | J80: =(I80*H80)+I80 -> 911.49738 | K80: =J80-I80 -> -10.127749 | L80: =(J80-I80)/ABS(I80) -> -0.010989011 | M80: COM | O80: =E80-'315019 - P0724'!F80 -> 0 | P80: =I80-'315019 - P0724'!J80 -> 0
A81: 79 | D81: 21014DF - 2X10X14 #2 AND BTR DOUG FIR | E81: 728 | F81: =F78 -> 720 | G81: =+F81-E81 -> -8 | H81: =(F81-E81)/ABS(E81) -> -0.010989011 | I81: 921.62513 | J81: =(I81*H81)+I81 -> 911.49738 | K81: =J81-I81 -> -10.127749 | L81: =(J81-I81)/ABS(I81) -> -0.010989011 | M81: COM | O81: =E81-'315019 - P0724'!F81 -> 0 | P81: =I81-'315019 - P0724'!J81 -> 0
A82: 80 | D82: 21016DF - 2X10X16 #2 AND BTR DOUG FIR | E82: 728 | F82: =F78 -> 720 | G82: =+F82-E82 -> -8 | H82: =(F82-E82)/ABS(E82) -> -0.010989011 | I82: 921.62513 | J82: =(I82*H82)+I82 -> 911.49738 | K82: =J82-I82 -> -10.127749 | L82: =(J82-I82)/ABS(I82) -> -0.010989011 | M82: COM | O82: =E82-'315019 - P0724'!F82 -> 0 | P82: =I82-'315019 - P0724'!J82 -> 0
A83: 81 | D83: 21020DF - 2X10X20 #2 AND BTR DOUG FIR | E83: 728 | F83: =F80 -> 720 | G83: =+F83-E83 -> -8 | H83: =(F83-E83)/ABS(E83) -> -0.010989011 | I83: 921.62513 | J83: =(I83*H83)+I83 -> 911.49738 | K83: =J83-I83 -> -10.127749 | L83: =(J83-I83)/ABS(I83) -> -0.010989011 | M83: COM | O83: =E83-'315019 - P0724'!F83 -> 0 | P83: =I83-'315019 - P0724'!J83 -> 0
A84: 82 | D84: 2128DF - 2X12X8 #2 AND BTR DOUG FIR | E84: 738 | F84: 753 | G84: =+F84-E84 -> 15 | H84: =(F84-E84)/ABS(E84) -> 0.020325203 | I84: 945.3619 | J84: =(I84*H84)+I84 -> 964.57658 | K84: =J84-I84 -> 19.214673 | L84: =(J84-I84)/ABS(I84) -> 0.020325203 | M84: COM | O84: =E84-'315019 - P0724'!F84 -> 0 | P84: =I84-'315019 - P0724'!J84 -> 0
A85: 83 | D85: 21210DF - 2X12X10 #2 AND BTR DOUG FIR | E85: 738 | F85: =F84 -> 753 | G85: =+F85-E85 -> 15 | H85: =(F85-E85)/ABS(E85) -> 0.020325203 | I85: 945.3619 | J85: =(I85*H85)+I85 -> 964.57658 | K85: =J85-I85 -> 19.214673 | L85: =(J85-I85)/ABS(I85) -> 0.020325203 | M85: COM | O85: =E85-'315019 - P0724'!F85 -> 0 | P85: =I85-'315019 - P0724'!J85 -> 0
A86: 84 | D86: 21212DF - 2X12X12 #2 AND BTR DOUG FIR | E86: 738 | F86: =F84 -> 753 | G86: =+F86-E86 -> 15 | H86: =(F86-E86)/ABS(E86) -> 0.020325203 | I86: 945.3619 | J86: =(I86*H86)+I86 -> 964.57658 | K86: =J86-I86 -> 19.214673 | L86: =(J86-I86)/ABS(I86) -> 0.020325203 | M86: COM | O86: =E86-'315019 - P0724'!F86 -> 0 | P86: =I86-'315019 - P0724'!J86 -> 0
A87: 85 | D87: 21214DF - 2X12X14 #2 AND BTR DOUG FIR | E87: 738 | F87: =F84 -> 753 | G87: =+F87-E87 -> 15 | H87: =(F87-E87)/ABS(E87) -> 0.020325203 | I87: 945.3619 | J87: =(I87*H87)+I87 -> 964.57658 | K87: =J87-I87 -> 19.214673 | L87: =(J87-I87)/ABS(I87) -> 0.020325203 | M87: COM | O87: =E87-'315019 - P0724'!F87 -> 0 | P87: =I87-'315019 - P0724'!J87 -> 0
A88: 86 | D88: 21216DF - 2X12X16 #2 AND BTR DOUG FIR | E88: 738 | F88: =F84 -> 753 | G88: =+F88-E88 -> 15 | H88: =(F88-E88)/ABS(E88) -> 0.020325203 | I88: 945.3619 | J88: =(I88*H88)+I88 -> 964.57658 | K88: =J88-I88 -> 19.214673 | L88: =(J88-I88)/ABS(I88) -> 0.020325203 | M88: COM | O88: =E88-'315019 - P0724'!F88 -> 0 | P88: =I88-'315019 - P0724'!J88 -> 0
A89: 87 | D89: 21220DF - 2X12X20 #2 AND BTR DOUG FIR | E89: 738 | F89: =F86 -> 753 | G89: =+F89-E89 -> 15 | H89: =(F89-E89)/ABS(E89) -> 0.020325203 | I89: 945.3619 | J89: =(I89*H89)+I89 -> 964.57658 | K89: =J89-I89 -> 19.214673 | L89: =(J89-I89)/ABS(I89) -> 0.020325203 | M89: COM | O89: =E89-'315019 - P0724'!F89 -> 0 | P89: =I89-'315019 - P0724'!J89 -> 0
A90: 88 | C90: DH | D90: 448DF - 4X4 8' S4S #2 GRN DOUG FIR | E90: 10.62 | F90: 12.85 | G90: =+F90-E90 -> 2.23 | H90: =(F90-E90)/ABS(E90) -> 0.20998117 | I90: 2132.5246 | J90: =(I90*H90)+I90 -> 2580.3146 | K90: =J90-I90 -> 447.79001 | L90: =(J90-I90)/ABS(I90) -> 0.20998117 | M90: COM | O90: =E90-'315019 - P0724'!F90 -> 0 | P90: =I90-'315019 - P0724'!J90 -> 0
A91: 89 | D91: End of Dimensional Lumber | H91: =AVERAGE(H65:H90) -> 0.0017219155 | L91: =AVERAGE(L65:L89) -> -0.0066084546
A92: 90 | D92: Sheet Goods | M92: COM | O92: =E92-'315019 - P0724'!F92 -> 0 | P92: =I92-'315019 - P0724'!J92 -> 0
A93: 91 | D93: 48716OSB - 4X8 7/16" OSB | E93: 445 | F93: 395 | G93: =+F93-E93 -> -50 | H93: =(F93-E93)/ABS(E93) -> -0.11235955 | I93: 504.6648 | J93: =(I93*H93)+I93 -> 447.96089 | K93: =J93-I93 -> -56.703911 | L93: =(J93-I93)/ABS(I93) -> -0.11235955 | M93: COM | O93: =E93-'315019 - P0724'!F93 -> 0 | P93: =I93-'315019 - P0724'!J93 -> 0
A94: 92 | D94: 49716OSB - 4X9X7/16 OSB ORIENTED STRANDBOARD | E94: 465 | F94: 415 | G94: =+F94-E94 -> -50 | H94: =(F94-E94)/ABS(E94) -> -0.10752688 | I94: 535.13489 | J94: =(I94*H94)+I94 -> 477.5935 | K94: =J94-I94 -> -57.541386 | L94: =(J94-I94)/ABS(I94) -> -0.10752688 | M94: COM | O94: =E94-'315019 - P0724'!F94 -> 0 | P94: =I94-'315019 - P0724'!J94 -> 0
A95: 93 | D95: 410716OSB - 4X10-7/16" OSB | E95: 465 | F95: 415 | G95: =+F95-E95 -> -50 | H95: =(F95-E95)/ABS(E95) -> -0.10752688 | I95: 531.99877 | J95: =(I95*H95)+I95 -> 474.7946 | K95: =J95-I95 -> -57.204169 | L95: =(J95-I95)/ABS(I95) -> -0.10752688 | M95: COM | O95: =E95-'315019 - P0724'!F95 -> 0 | P95: =I95-'315019 - P0724'!J95 -> 0
A96: 94 | D96: 481532OSB - 4X8 15/32 OSB | E96: 465 | F96: 415 | G96: =+F96-E96 -> -50 | H96: =(F96-E96)/ABS(E96) -> -0.10752688 | I96: 548.10638 | J96: =(I96*H96)+I96 -> 489.17021 | K96: =J96-I96 -> -58.93617 | L96: =(J96-I96)/ABS(I96) -> -0.10752688 | M96: COM | O96: =E96-'315019 - P0724'!F96 -> 0 | P96: =I96-'315019 - P0724'!J96 -> 0
A97: 95 | D97: 4834OSBTG - 4x8 23/32" T&G OSB SUB-FLOORING | E97: 693 | F97: 633 | G97: =+F97-E97 -> -60 | H97: =(F97-E97)/ABS(E97) -> -0.086580087 | I97: 815.17021 | J97: =(I97*H97)+I97 -> 744.59271 | K97: =J97-I97 -> -70.577508 | L97: =(J97-I97)/ABS(I97) -> -0.086580087 | M97: COM | O97: =E97-'315019 - P0724'!F97 -> 0 | P97: =I97-'315019 - P0724'!J97 -> 0
A98: 96 | C98: DH | D98: 4812NC - 4X8-1/2" CDX NON-COM INTERIOR FIRE RETARDANT | E98: 945 | F98: 930 | G98: =+F98-E98 -> -15 | H98: =(F98-E98)/ABS(E98) -> -0.015873016 | I98: 1126.1658 | J98: =(I98*H98)+I98 -> 1108.2902 | K98: =J98-I98 -> -17.875648 | L98: =(J98-I98)/ABS(I98) -> -0.015873016 | M98: COM | O98: =E98-'315019 - P0724'!F98 -> 0 | P98: =I98-'315019 - P0724'!J98 -> 0
A99: 97 | C99: DH | D99: 4812PT - 4X8 1/2" TREATED PLYWOOD.60 FOUNDATION CDX | E99: 1144 | F99: 1127 | G99: =+F99-E99 -> -17 | H99: =(F99-E99)/ABS(E99) -> -0.01486014 | I99: 1502.6624 | J99: =(I99*H99)+I99 -> 1480.3327 | K99: =J99-I99 -> -22.329774 | L99: =(J99-I99)/ABS(I99) -> -0.01486014 | M99: COM | O99: =E99-'315019 - P0724'!F99 -> 0 | P99: =I99-'315019 - P0724'!J99 -> 0
A100: 98 | D100: 4858GYP - 4X8X5/8 EXTERIOR DRYWALL GYP SHEATING | E100: 17.6 | F100: 17.6 | G100: =+F100-E100 -> 0 | H100: =(F100-E100)/ABS(E100) -> 0 | I100: 47.120192 | J100: =(I100*H100)+I100 -> 47.120192 | K100: =J100-I100 -> 0 | L100: =(J100-I100)/ABS(I100) -> 0 | M100: COM | O100: =E100-'315019 - P0724'!F100 -> 0 | P100: =I100-'315019 - P0724'!J100 -> 0
...

Sheet 315019 - P0724
E1: RANDOM LENGTH | F1: RANDOM LENGTH | I1: SELL PRICE | J1: SELL PRICE | M1: TYPE
B2: PROJECT | C2: SUPPLIER | D2: Product Code & Description | E2: P06 2024 JUNE 05/10/24 | F2: P07 2024 JULY 06/14/24 | I2: P06 2024 JUNE 05/10/24 | J2: P07 2024 JULY 06/14/24
A3: 1 | D3: Treated Materials | M3: COM
A4: 2 | C4: DH | D4: 2412BT - 2X4 12' Blue Borate Treated | E4: 681 | F4: 696 | G4: =+F4-E4 -> 15 | H4: =(F4-E4)/ABS(E4) -> 0.022026432 | I4: 821.46118 | J4: =(I4*H4)+I4 -> 839.55504 | K4: =J4-I4 -> 18.093859 | L4: =(J4-I4)/ABS(I4) -> 0.022026432 | M4: COM | O4: =E4-'314020 - P0624'!F4 -> 0 | P4: =I4-'314020 - P0624'!J4 -> 0
A5: 3 | D5: 2414BT - 2X4 14' Blue Borate Treated | E5: 681 | F5: =F4 -> 696 | G5: =+F5-E5 -> 15 | H5: =(F5-E5)/ABS(E5) -> 0.022026432 | I5: 821.46118 | J5: =(I5*H5)+I5 -> 839.55504 | K5: =J5-I5 -> 18.093859 | L5: =(J5-I5)/ABS(I5) -> 0.022026432 | M5: COM | O5: =E5-'314020 - P0624'!F5 -> 0 | P5: =I5-'314020 - P0624'!J5 -> 0
A6: 4 | D6: 2416BT - 2X4 16' Blue Borate Treated | E6: 681 | F6: =F4 -> 696 | G6: =+F6-E6 -> 15 | H6: =(F6-E6)/ABS(E6) -> 0.022026432 | I6: 821.46118 | J6: =(I6*H6)+I6 -> 839.55504 | K6: =J6-I6 -> 18.093859 | L6: =(J6-I6)/ABS(I6) -> 0.022026432 | M6: COM | O6: =E6-'314020 - P0624'!F6 -> 0 | P6: =I6-'314020 - P0624'!J6 -> 0
A7: 5 | C7: DH | D7: 2612BT - 2X6 12' Blue Borate Treated | E7: 686 | F7: 656 | G7: =+F7-E7 -> -30 | H7: =(F7-E7)/ABS(E7) -> -0.043731778 | I7: 885.51733 | J7: =(I7*H7)+I7 -> 846.79208 | K7: =J7-I7 -> -38.725248 | L7: =(J7-I7)/ABS(I7) -> -0.043731778 | M7: COM | O7: =E7-'314020 - P0624'!F7 -> 0 | P7: =I7-'314020 - P0624'!J7 -> 0
A8: 6 | D8: 2614BT - 2X6 14' Blue Borate Treated | E8: 686 | F8: =F7 -> 656 | G8: =+F8-E8 -> -30 | H8: =(F8-E8)/ABS(E8) -> -0.043731778 | I8: 885.51733 | J8: =(I8*H8)+I8 -> 846.79208 | K8: =J8-I8 -> -38.725248 | L8: =(J8-I8)/ABS(I8) -> -0.043731778 | M8: COM | O8: =E8-'314020 - P0624'!F8 -> 0 | P8: =I8-'314020 - P0624'!J8 -> 0
A9: 7 | D9: 2616BT - 2X6 16' Blue Borate Treated | E9: 686 | F9: =F7 -> 656 | G9: =+F9-E9 -> -30 | H9: =(F9-E9)/ABS(E9) -> -0.043731778 | I9: 885.51733 | J9: =(I9*H9)+I9 -> 846.79208 | K9: =J9-I9 -> -38.725248 | L9: =(J9-I9)/ABS(I9) -> -0.043731778 | M9: COM | O9: =E9-'314020 - P0624'!F9 -> 0 | P9: =I9-'314020 - P0624'!J9 -> 0
A10: 8 | C10: DH | D10: 2412T - 2x4 12' #1 SYP Treated MCA Cedartone | E10: 790 | F10: 800 | G10: =+F10-E10 -> 10 | H10: =(F10-E10)/ABS(E10) -> 0.012658228 | I10: 1049.1987 | J10: =(I10*H10)+I10 -> 1062.4797 | K10: =J10-I10 -> 13.280996 | L10: =(J10-I10)/ABS(I10) -> 0.012658228 | M10: COM | O10: =E10-'314020 - P0624'!F10 -> 0 | P10: =I10-'314020 - P0624'!J10 -> 0
A11: 9 | D11: 2416T - 2x4 16' #1 SYP Treated MCA Cedartone | E11: 790 | F11: =F10 -> 800 | G11: =+F11-E11 -> 10 | H11: =(F11-E11)/ABS(E11) -> 0.012658228 | I11: 1049.1987 | J11: =(I11*H11)+I11 -> 1062.4797 | K11: =J11-I11 -> 13.280996 | L11: =(J11-I11)/ABS(I11) -> 0.012658228 | M11: COM | O11: =E11-'314020 - P0624'!F11 -> 0 | P11: =I11-'314020 - P0624'!J11 -> 0
A12: 10 | C12: DH | D12: 2612T - 2x6 12' #1 SYP Treated MCA Cedartone | E12: 735 | F12: 725 | G12: =+F12-E12 -> -10 | H12: =(F12-E12)/ABS(E12) -> -0.013605442 | I12: 876.74431 | J12: =(I12*H12)+I12 -> 864.81582 | K12: =J12-I12 -> -11.928494 | L12: =(J12-I12)/ABS(I12) -> -0.013605442 | M12: COM | O12: =E12-'314020 - P0624'!F12 -> 0 | P12: =I12-'314020 - P0624'!J12 -> 0
A13: 11 | D13: 2616T - 2x6 16' #1 SYP Treated MCA Cedartone | E13: 735 | F13: =F12 -> 725 | G13: =+F13-E13 -> -10 | H13: =(F13-E13)/ABS(E13) -> -0.013605442 | I13: 876.74431 | J13: =(I13*H13)+I13 -> 864.81582 | K13: =J13-I13 -> -11.928494 | L13: =(J13-I13)/ABS(I13) -> -0.013605442 | M13: COM | O13: =E13-'314020 - P0624'!F13 -> 0 | P13: =I13-'314020 - P0624'!J13 -> 0
A14: 12 | D14: 2812T - 2x8 12' #1 SYP Treated MCA Cedartone | E14: 720 | F14: 700 | G14: =+F14-E14 -> -20 | H14: =(F14-E14)/ABS(E14) -> -0.027777778 | I14: 925.50705 | J14: =(I14*H14)+I14 -> 899.79852 | K14: =J14-I14 -> -25.708529 | L14: =(J14-I14)/ABS(I14) -> -0.027777778 | M14: COM | O14: =E14-'314020 - P0624'!F14 -> 0 | P14: =I14-'314020 - P0624'!J14 -> 0
A15: 13 | D15: 2816T - 2x8 16' #1 SYP Treated MCA Cedartone | E15: 720 | F15: =F14 -> 700 | G15: =+F15-E15 -> -20 | H15: =(F15-E15)/ABS(E15) -> -0.027777778 | I15: 925.50705 | J15: =(I15*H15)+I15 -> 899.79852 | K15: =J15-I15 -> -25.708529 | L15: =(J15-I15)/ABS(I15) -> -0.027777778 | M15: COM | O15: =E15-'314020 - P0624'!F15 -> 0 | P15: =I15-'314020 - P0624'!J15 -> 0
A16: 14 | C16: DH | D16: 21012T - 2x10 12' #1 SYP Treated MCA Cedartone | E16: 740 | F16: 790 | G16: =+F16-E16 -> 50 | H16: =(F16-E16)/ABS(E16) -> 0.067567568 | I16: 1042.3656 | J16: =(I16*H16)+I16 -> 1112.7957 | K16: =J16-I16 -> 70.430108 | L16: =(J16-I16)/ABS(I16) -> 0.067567568 | M16: COM | O16: =E16-'314020 - P0624'!F16 -> 0 | P16: =I16-'314020 - P0624'!J16 -> 0
A17: 15 | D17: 21016T - 2x10 16' #1 SYP Treated MCA Cedartone | E17: 740 | F17: =F16 -> 790 | G17: =+F17-E17 -> 50 | H17: =(F17-E17)/ABS(E17) -> 0.067567568 | I17: 1042.3656 | J17: =(I17*H17)+I17 -> 1112.7957 | K17: =J17-I17 -> 70.430108 | L17: =(J17-I17)/ABS(I17) -> 0.067567568 | M17: COM | O17: =E17-'314020 - P0624'!F17 -> 0 | P17: =I17-'314020 - P0624'!J17 -> 0
A18: 16 | C18: DH | D18: 21212T - 2x12 12' #1 SYP Treated MCA Cedartone | E18: 855 | F18: 850 | G18: =+F18-E18 -> -5 | H18: =(F18-E18)/ABS(E18) -> -0.0058479532 | I18: 1188.2516 | J18: =(I18*H18)+I18 -> 1181.3027 | K18: =J18-I18 -> -6.9488397 | L18: =(J18-I18)/ABS(I18) -> -0.0058479532 | M18: COM | O18: =E18-'314020 - P0624'!F18 -> 0 | P18: =I18-'314020 - P0624'!J18 -> 0
A19: 17 | D19: 21216T - 2x12 16' #1 SYP Treated MCA Cedartone | E19: 855 | F19: =F18 -> 850 | G19: =+F19-E19 -> -5 | H19: =(F19-E19)/ABS(E19) -> -0.0058479532 | I19: 1188.2516 | J19: =(I19*H19)+I19 -> 1181.3027 | K19: =J19-I19 -> -6.9488397 | L19: =(J19-I19)/ABS(I19) -> -0.0058479532 | M19: COM | O19: =E19-'314020 - P0624'!F19 -> 0 | P19: =I19-'314020 - P0624'!J19 -> 0
A20: 18 | C20: DH | D20: 21220T - 2x12 20' #1 SYP Treated MCA Cedartone | E20: 42 | F20: 41.8 | G20: =+F20-E20 -> -0.2 | H20: =(F20-E20)/ABS(E20) -> -0.0047619048 | I20: 2109.3631 | J20: =(I20*H20)+I20 -> 2099.3185 | K20: =J20-I20 -> -10.044586 | L20: =(J20-I20)/ABS(I20) -> -0.0047619048 | M20: COM | O20: =E20-'314020 - P0624'!F20 -> 0 | P20: =I20-'314020 - P0624'!J20 -> 0
A21: 19 | C21: DH | D21: 4410T - 4X4 10' HF Std/btr S4S CEDARTONE GROUND CONTACT | E21: 16.07 | F21: 16.07 | G21: =+F21-E21 -> 0 | H21: =(F21-E21)/ABS(E21) -> 0 | I21: 36.488665 | J21: =(I21*H21)+I21 -> 36.488665 | K21: =J21-I21 -> 0 | L21: =(J21-I21)/ABS(I21) -> 0 | M21: COM | O21: =E21-'314020 - P0624'!F21 -> 0 | P21: =I21-'314020 - P0624'!J21 -> 0
A22: 20 | C22: DH | D22: 6610T - 6X6 10' HF #2 S4S CEDARTONE GROUND CONTACT | E22: 1430 | F22: 1430 | G22: =+F22-E22 -> 0 | H22: =(F22-E22)/ABS(E22) -> 0 | I22: 2041.9222 | J22: =(I22*H22)+I22 -> 2041.9222 | K22: =J22-I22 -> 0 | L22: =(J22-I22)/ABS(I22) -> 0 | M22: COM | O22: =E22-'314020 - P0624'!F22 -> 0 | P22: =I22-'314020 - P0624'!J22 -> 0
A23: 21 | D23: 6612T - 6X6 12' HF #2 S4S CEDARTONE GROUND CONTACT | E23: 1430 | F23: =F22 -> 1430 | G23: =+F23-E23 -> 0 | H23: =(F23-E23)/ABS(E23) -> 0 | I23: 2041.9222 | J23: =(I23*H23)+I23 -> 2041.9222 | K23: =J23-I23 -> 0 | L23: =(J23-I23)/ABS(I23) -> 0 | M23: COM | O23: =E23-'314020 - P0624'!F23 -> 0 | P23: =I23-'314020 - P0624'!J23 -> 0
A24: 22 | D24: End of Treated Materials | H24: =AVERAGE(H4:H23) -> -0.00019443502 | L24: =AVERAGE(L4:L23) -> -0.00019443502
A25: 23 | D25: Studs | M25: COM
A26: 24 | D26: 2492F - 2X4 92-5/8 HEM FIR STUD | E26: 501 | F26: 486 | G26: =+F26-E26 -> -15 | H26: =(F26-E26)/ABS(E26) -> -0.02994012 | I26: 743.31672 | J26: =(I26*H26)+I26 -> 721.06173 | K26: =J26-I26 -> -22.254992 | L26: =(J26-I26)/ABS(I26) -> -0.02994012 | M26: COM | O26: =E26-'314020 - P0624'!F26 -> 0 | P26: =I26-'314020 - P0624'!J26 -> 0
A27: 25 | D27: 24104F - 2X4 104-5/8 HEM FIR STUD | E27: 531 | F27: 506 | G27: =+F27-E27 -> -25 | H27: =(F27-E27)/ABS(E27) -> -0.047080979 | I27: 700.50204 | J27: =(I27*H27)+I27 -> 667.52172 | K27: =J27-I27 -> -32.980322 | L27: =(J27-I27)/ABS(I27) -> -0.047080979 | M27: COM | O27: =E27-'314020 - P0624'!F27 -> 0 | P27: =I27-'314020 - P0624'!J27 -> 0
A28: 26 | D28: 24116F - 2X4 116-5/8 HEM FIR STUD | E28: 531 | F28: 506 | G28: =+F28-E28 -> -25 | H28: =(F28-E28)/ABS(E28) -> -0.047080979 | I28: 657.8899 | J28: =(I28*H28)+I28 -> 626.9158 | K28: =J28-I28 -> -30.974101 | L28: =(J28-I28)/ABS(I28) -> -0.047080979 | M28: COM | O28: =E28-'314020 - P0624'!F28 -> 0 | P28: =I28-'314020 - P0624'!J28 -> 0
A29: 27 | D29: 2692F - 2X6 92-5/8 HEM FIR STUD | E29: 456 | F29: 451 | G29: =+F29-E29 -> -5 | H29: =(F29-E29)/ABS(E29) -> -0.010964912 | I29: 586.18421 | J29: =(I29*H29)+I29 -> 579.75675 | K29: =J29-I29 -> -6.4274584 | L29: =(J29-I29)/ABS(I29) -> -0.010964912 | M29: COM | O29: =E29-'314020 - P0624'!F29 -> 0 | P29: =I29-'314020 - P0624'!J29 -> 0
A30: 28 | D30: 26104F - 2X6 104-5/8 HEM FIR STUD | E30: 566 | F30: 556 | G30: =+F30-E30 -> -10 | H30: =(F30-E30)/ABS(E30) -> -0.017667845 | I30: 716.27915 | J30: =(I30*H30)+I30 -> 703.62404 | K30: =J30-I30 -> -12.655109 | L30: =(J30-I30)/ABS(I30) -> -0.017667845 | M30: COM | O30: =E30-'314020 - P0624'!F30 -> 0 | P30: =I30-'314020 - P0624'!J30 -> 0
A31: 29 | D31: 26116F - 2X6 116-5/8 HEM FIR STUD | E31: 566 | F31: 556 | G31: =+F31-E31 -> -10 | H31: =(F31-E31)/ABS(E31) -> -0.017667845 | I31: 676.66431 | J31: =(I31*H31)+I31 -> 664.70911 | K31: =J31-I31 -> -11.9552 | L31: =(J31-I31)/ABS(I31) -> -0.017667845 | M31: COM | O31: =E31-'314020 - P0624'!F31 -> 0 | P31: =I31-'314020 - P0624'!J31 -> 0
A32: 30 | D32: End of Studs | H32: =AVERAGE(H26:H31) -> -0.028400447 | L32: =AVERAGE(L26:L31) -> -0.028400447
A33: 31 | D33: Dimensional Lumber | M33: COM
A34: 32 | D34: 248F - 2X4X8 #2 AND BTR HEM FIR | E34: 590 | F34: 565 | G34: =+F34-E34 -> -25 | H34: =(F34-E34)/ABS(E34) -> -0.042372881 | I34: 670.87069 | J34: =(I34*H34)+I34 -> 642.44397 | K34: =J34-I34 -> -28.426724 | L34: =(J34-I34)/ABS(I34) -> -0.042372881 | M34: COM | O34: =E34-'314020 - P0624'!F34 -> 0 | P34: =I34-'314020 - P0624'!J34 -> 0
A35: 33 | D35: 2410F - 2X4X10 #2 AND BTR HEM FIR | E35: 590 | F35: =F34 -> 565 | G35: =+F35-E35 -> -25 | H35: =(F35-E35)/ABS(E35) -> -0.042372881 | I35: 670.87069 | J35: =(I35*H35)+I35 -> 642.44397 | K35: =J35-I35 -> -28.426724 | L35: =(J35-I35)/ABS(I35) -> -0.042372881 | M35: COM | O35: =E35-'314020 - P0624'!F35 -> 0 | P35: =I35-'314020 - P0624'!J35 -> 0
A36: 34 | D36: 2412F - 2X4X12 #2 AND BTR HEM FIR | E36: 590 | F36: =F34 -> 565 | G36: =+F36-E36 -> -25 | H36: =(F36-E36)/ABS(E36) -> -0.042372881 | I36: 670.87069 | J36: =(I36*H36)+I36 -> 642.44397 | K36: =J36-I36 -> -28.426724 | L36: =(J36-I36)/ABS(I36) -> -0.042372881 | M36: COM | O36: =E36-'314020 - P0624'!F36 -> 0 | P36: =I36-'314020 - P0624'!J36 -> 0
A37: 35 | D37: 2414F - 2X4X14 #2 AND BTR HEM FIR | E37: 590 | F37: =F34 -> 565 | G37: =+F37-E37 -> -25 | H37: =(F37-E37)/ABS(E37) -> -0.042372881 | I37: 670.87069 | J37: =(I37*H37)+I37 -> 642.44397 | K37: =J37-I37 -> -28.426724 | L37: =(J37-I37)/ABS(I37) -> -0.042372881 | M37: COM | O37: =E37-'314020 - P0624'!F37 -> 0 | P37: =I37-'314020 - P0624'!J37 -> 0
A38: 36 | D38: 2416F - 2X4X16 #2 AND BTR HEM FIR | E38: 590 | F38: =F34 -> 565 | G38: =+F38-E38 -> -25 | H38: =(F38-E38)/ABS(E38) -> -0.042372881 | I38: 670.87069 | J38: =(I38*H38)+I38 -> 642.44397 | K38: =J38-I38 -> -28.426724 | L38: =(J38-I38)/ABS(I38) -> -0.042372881 | M38: COM | O38: =E38-'314020 - P0624'!F38 -> 0 | P38: =I38-'314020 - P0624'!J38 -> 0
A39: 37 | D39: 2418F - 2X4X18 #2 AND BTR HEM FIR | E39: 590 | F39: =F34 -> 565 | G39: =+F39-E39 -> -25 | H39: =(F39-E39)/ABS(E39) -> -0.042372881 | I39: 670.87069 | J39: =(I39*H39)+I39 -> 642.44397 | K39: =J39-I39 -> -28.426724 | L39: =(J39-I39)/ABS(I39) -> -0.042372881 | M39: COM | O39: =E39-'314020 - P0624'!F39 -> 0 | P39: =I39-'314020 - P0624'!J39 -> 0
A40: 38 | D40: 2420F - 2X4X20 #2 AND BTR HEM FIR | E40: 590 | F40: =F34 -> 565 | G40: =+F40-E40 -> -25 | H40: =(F40-E40)/ABS(E40) -> -0.042372881 | I40: 670.87069 | J40: =(I40*H40)+I40 -> 642.44397 | K40: =J40-I40 -> -28.426724 | L40: =(J40-I40)/ABS(I40) -> -0.042372881 | M40: COM | O40: =E40-'314020 - P0624'!F40 -> 0 | P40: =I40-'314020 - P0624'!J40 -> 0
A41: 39 | D41: 242RLF - 2X4 R/L #2 AND BTR HEM FIR | E41: 590 | F41: =F35 -> 565 | G41: =+F41-E41 -> -25 | H41: =(F41-E41)/ABS(E41) -> -0.042372881 | I41: 670.87069 | J41: =(I41*H41)+I41 -> 642.44397 | K41: =J41-I41 -> -28.426724 | L41: =(J41-I41)/ABS(I41) -> -0.042372881 | M41: COM | O41: =E41-'314020 - P0624'!F41 -> 0 | P41: =I41-'314020 - P0624'!J41 -> 0
A42: 40 | D42: 268F - 2X6X8 #2 AND BTR HEM FIR | E42: 560 | F42: 545 | G42: =+F42-E42 -> -15 | H42: =(F42-E42)/ABS(E42) -> -0.026785714 | I42: 638.61538 | J42: =(I42*H42)+I42 -> 621.50962 | K42: =J42-I42 -> -17.105769 | L42: =(J42-I42)/ABS(I42) -> -0.026785714 | M42: COM | O42: =E42-'314020 - P0624'!F42 -> 0 | P42: =I42-'314020 - P0624'!J42 -> 0
A43: 41 | D43: 2610F - 2X6X10 #2 AND BTR HEM FIR | E43: 560 | F43: =F42 -> 545 | G43: =+F43-E43 -> -15 | H43: =(F43-E43)/ABS(E43) -> -0.026785714 | I43: 638.61538 | J43: =(I43*H43)+I43 -> 621.50962 | K43: =J43-I43 -> -17.105769 | L43: =(J43-I43)/ABS(I43) -> -0.026785714 | M43: COM | O43: =E43-'314020 - P0624'!F43 -> 0 | P43: =I43-'314020 - P0624'!J43 -> 0
A44: 42 | D44: 2612F - 2X6X12 #2 AND BTR HEM FIR | E44: 560 | F44: =F42 -> 545 | G44: =+F44-E44 -> -15 | H44: =(F44-E44)/ABS(E44) -> -0.026785714 | I44: 638.61538 | J44: =(I44*H44)+I44 -> 621.50962 | K44: =J44-I44 -> -17.105769 | L44: =(J44-I44)/ABS(I44) -> -0.026785714 | M44: COM | O44: =E44-'314020 - P0624'!F44 -> 0 | P44: =I44-'314020 - P0624'!J44 -> 0
A45: 43 | D45: 2614F - 2X6X14 #2 AND BTR HEM FIR | E45: 560 | F45: =F42 -> 545 | G45: =+F45-E45 -> -15 | H45: =(F45-E45)/ABS(E45) -> -0.026785714 | I45: 638.61538 | J45: =(I45*H45)+I45 -> 621.50962 | K45: =J45-I45 -> -17.105769 | L45: =(J45-I45)/ABS(I45) -> -0.026785714 | M45: COM | O45: =E45-'314020 - P0624'!F45 -> 0 | P45: =I45-'314020 - P0624'!J45 -> 0
A46: 44 | D46: 2616F - 2X6X16 #2 AND BTR HEM FIR | E46: 560 | F46: =F42 -> 545 | G46: =+F46-E46 -> -15 | H46: =(F46-E46)/ABS(E46) -> -0.026785714 | I46: 638.61538 | J46: =(I46*H46)+I46 -> 621.50962 | K46: =J46-I46 -> -17.105769 | L46: =(J46-I46)/ABS(I46) -> -0.026785714 | M46: COM | O46: =E46-'314020 - P0624'!F46 -> 0 | P46: =I46-'314020 - P0624'!J46 -> 0
A47: 45 | D47: 2618F - 2X6 X 18' #2&BTR HEM FIR | E47: 560 | F47: =F42 -> 545 | G47: =+F47-E47 -> -15 | H47: =(F47-E47)/ABS(E47) -> -0.026785714 | I47: 638.61538 | J47: =(I47*H47)+I47 -> 621.50962 | K47: =J47-I47 -> -17.105769 | L47: =(J47-I47)/ABS(I47) -> -0.026785714 | M47: COM | O47: =E47-'314020 - P0624'!F47 -> 0 | P47: =I47-'314020 - P0624'!J47 -> 0
A48: 46 | D48: 2620F - 2X6X20 #2 & BTR HEM FIR | E48: 560 | F48: =F42 -> 545 | G48: =+F48-E48 -> -15 | H48: =(F48-E48)/ABS(E48) -> -0.026785714 | I48: 638.61538 | J48: =(I48*H48)+I48 -> 621.50962 | K48: =J48-I48 -> -17.105769 | L48: =(J48-I48)/ABS(I48) -> -0.026785714 | M48: COM | O48: =E48-'314020 - P0624'!F48 -> 0 | P48: =I48-'314020 - P0624'!J48 -> 0
A49: 47 | D49: 26RLF - 2X6 R/L #2 & BTR HEM FIR | E49: 560 | F49: =F43 -> 545 | G49: =+F49-E49 -> -15 | H49: =(F49-E49)/ABS(E49) -> -0.026785714 | I49: 638.61538 | J49: =(I49*H49)+I49 -> 621.50962 | K49: =J49-I49 -> -17.105769 | L49: =(J49-I49)/ABS(I49) -> -0.026785714 | M49: COM | O49: =E49-'314020 - P0624'!F49 -> 0 | P49: =I49-'314020 - P0624'!J49 -> 0
A50: 48 | D50: 2810F - 2X8X10 #2 AND BTR HEM FIR | E50: 495 | F50: 485 | G50: =+F50-E50 -> -10 | H50: =(F50-E50)/ABS(E50) -> -0.02020202 | I50: 612.77064 | J50: =(I50*H50)+I50 -> 600.39144 | K50: =J50-I50 -> -12.379205 | L50: =(J50-I50)/ABS(I50) -> -0.02020202 | M50: COM | O50: =E50-'314020 - P0624'!F50 -> 0 | P50: =I50-'314020 - P0624'!J50 -> 0
A51: 49 | D51: 2812F - 2X8X12 #2 AND BTR HEM FIR | E51: 495 | F51: =F50 -> 485 | G51: =+F51-E51 -> -10 | H51: =(F51-E51)/ABS(E51) -> -0.02020202 | I51: 612.77064 | J51: =(I51*H51)+I51 -> 600.39144 | K51: =J51-I51 -> -12.379205 | L51: =(J51-I51)/ABS(I51) -> -0.02020202 | M51: COM | O51: =E51-'314020 - P0624'!F51 -> 0 | P51: =I51-'314020 - P0624'!J51 -> 0
A52: 50 | D52: 2814F - 2X8X14 #2 AND BTR HEM FIR | E52: 495 | F52: =F50 -> 485 | G52: =+F52-E52 -> -10 | H52: =(F52-E52)/ABS(E52) -> -0.02020202 | I52: 612.77064 | J52: =(I52*H52)+I52 -> 600.39144 | K52: =J52-I52 -> -12.379205 | L52: =(J52-I52)/ABS(I52) -> -0.02020202 | M52: COM | O52: =E52-'314020 - P0624'!F52 -> 0 | P52: =I52-'314020 - P0624'!J52 -> 0
A53: 51 | D53: 2816F - 2X8X16 #2 AND BTR HEM FIR | E53: 495 | F53: =F50 -> 485 | G53: =+F53-E53 -> -10 | H53: =(F53-E53)/ABS(E53) -> -0.02020202 | I53: 612.77064 | J53: =(I53*H53)+I53 -> 600.39144 | K53: =J53-I53 -> -12.379205 | L53: =(J53-I53)/ABS(I53) -> -0.02020202 | M53: COM | O53: =E53-'314020 - P0624'!F53 -> 0 | P53: =I53-'314020 - P0624'!J53 -> 0
A54: 52 | D54: 2108F - 2X10X8 #2 AND BTR HEM FIR | E54: 528 | F54: 518 | G54: =+F54-E54 -> -10 | H54: =(F54-E54)/ABS(E54) -> -0.018939394 | I54: 842.65463 | J54: =(I54*H54)+I54 -> 826.69526 | K54: =J54-I54 -> -15.959368 | L54: =(J54-I54)/ABS(I54) -> -0.018939394 | M54: COM | O54: =E54-'314020 - P0624'!F54 -> 0 | P54: =I54-'314020 - P0624'!J54 -> 0
A55: 53 | D55: 21010F - 2X10X10 #2 AND BTR HEM FIR | E55: 528 | F55: =F54 -> 518 | G55: =+F55-E55 -> -10 | H55: =(F55-E55)/ABS(E55) -> -0.018939394 | I55: 842.65463 | J55: =(I55*H55)+I55 -> 826.69526 | K55: =J55-I55 -> -15.959368 | L55: =(J55-I55)/ABS(I55) -> -0.018939394 | M55: COM | O55: =E55-'314020 - P0624'!F55 -> 0 | P55: =I55-'314020 - P0624'!J55 -> 0
A56: 54 | D56: 21012F - 2X10X12 #2 AND BTR HEM FIR | E56: 528 | F56: =F54 -> 518 | G56: =+F56-E56 -> -10 | H56: =(F56-E56)/ABS(E56) -> -0.018939394 | I56: 842.65463 | J56: =(I56*H56)+I56 -> 826.69526 | K56: =J56-I56 -> -15.959368 | L56: =(J56-I56)/ABS(I56) -> -0.018939394 | M56: COM | O56: =E56-'314020 - P0624'!F56 -> 0 | P56: =I56-'314020 - P0624'!J56 -> 0
A57: 55 | D57: 21014F - 2X10X14 #2 AND BTR HEM FIR | E57: 528 | F57: =F54 -> 518 | G57: =+F57-E57 -> -10 | H57: =(F57-E57)/ABS(E57) -> -0.018939394 | I57: 842.65463 | J57: =(I57*H57)+I57 -> 826.69526 | K57: =J57-I57 -> -15.959368 | L57: =(J57-I57)/ABS(I57) -> -0.018939394 | M57: COM | O57: =E57-'314020 - P0624'!F57 -> 0 | P57: =I57-'314020 - P0624'!J57 -> 0
A58: 56 | D58: 21016F - 2X10X16 #2 AND BTR HEM FIR | E58: 528 | F58: =F54 -> 518 | G58: =+F58-E58 -> -10 | H58: =(F58-E58)/ABS(E58) -> -0.018939394 | I58: 842.65463 | J58: =(I58*H58)+I58 -> 826.69526 | K58: =J58-I58 -> -15.959368 | L58: =(J58-I58)/ABS(I58) -> -0.018939394 | M58: COM | O58: =E58-'314020 - P0624'!F58 -> 0 | P58: =I58-'314020 - P0624'!J58 -> 0
A59: 57 | D59: 21210F - 2X12X10 #2 AND BTR HEM FIR | E59: 523 | F59: 513 | G59: =+F59-E59 -> -10 | H59: =(F59-E59)/ABS(E59) -> -0.019120459 | I59: 751.44796 | J59: =(I59*H59)+I59 -> 737.07993 | K59: =J59-I59 -> -14.36803 | L59: =(J59-I59)/ABS(I59) -> -0.019120459 | M59: COM | O59: =E59-'314020 - P0624'!F59 -> 0 | P59: =I59-'314020 - P0624'!J59 -> 0
A60: 58 | D60: 21212F - 2X12X12 #2 AND BTR HEM FIR | E60: 523 | F60: =F59 -> 513 | G60: =+F60-E60 -> -10 | H60: =(F60-E60)/ABS(E60) -> -0.019120459 | I60: 751.44796 | J60: =(I60*H60)+I60 -> 737.07993 | K60: =J60-I60 -> -14.36803 | L60: =(J60-I60)/ABS(I60) -> -0.019120459 | M60: COM | O60: =E60-'314020 - P0624'!F60 -> 0 | P60: =I60-'314020 - P0624'!J60 -> 0
A61: 59 | D61: 21214F - 2X12X14 #2 AND BTR HEM FIR | E61: 523 | F61: =F59 -> 513 | G61: =+F61-E61 -> -10 | H61: =(F61-E61)/ABS(E61) -> -0.019120459 | I61: 751.44796 | J61: =(I61*H61)+I61 -> 737.07993 | K61: =J61-I61 -> -14.36803 | L61: =(J61-I61)/ABS(I61) -> -0.019120459 | M61: COM | O61: =E61-'314020 - P0624'!F61 -> 0 | P61: =I61-'314020 - P0624'!J61 -> 0
A62: 60 | D62: 21216F - 2X12X16 #2 AND BTR HEM FIR | E62: 523 | F62: =F59 -> 513 | G62: =+F62-E62 -> -10 | H62: =(F62-E62)/ABS(E62) -> -0.019120459 | I62: 751.44796 | J62: =(I62*H62)+I62 -> 737.07993 | K62: =J62-I62 -> -14.36803 | L62: =(J62-I62)/ABS(I62) -> -0.019120459 | M62: COM | O62: =E62-'314020 - P0624'!F62 -> 0 | P62: =I62-'314020 - P0624'!J62 -> 0
A63: 61 | H63: =AVERAGE(H34:H62) -> -0.027767436 | L63: =AVERAGE(L34:L62) -> -0.027767436
A64: 62 | D64: DOUG FIR
A65: 63 | D65: 268F - 2X6X8 #2 AND BTR DOUG FIR | E65: 545 | F65: 530 | G65: =+F65-E65 -> -15 | H65: =(F65-E65)/ABS(E65) -> -0.027522936 | I65: 664.72131 | J65: =(I65*H65)+I65 -> 646.42623 | K65: =J65-I65 -> -18.295082 | L65: =(J65-I65)/ABS(I65) -> -0.027522936 | M65: COM | O65: =E65-'314020 - P0624'!F65 -> 0 | P65: =I65-'314020 - P0624'!J65 -> 0
A66: 64 | D66: 2610F - 2X6X10 #2 AND BTR DOUG FIR | E66: 545 | F66: =F65 -> 530 | G66: =+F66-E66 -> -15 | H66: =(F66-E66)/ABS(E66) -> -0.027522936 | I66: 664.72131 | J66: =(I66*H66)+I66 -> 646.42623 | K66: =J66-I66 -> -18.295082 | L66: =(J66-I66)/ABS(I66) -> -0.027522936 | M66: COM | O66: =E66-'314020 - P0624'!F66 -> 0 | P66: =I66-'314020 - P0624'!J66 -> 0
A67: 65 | D67: 2612F - 2X6X12 #2 AND BTR DOUG FIR | E67: 545 | F67: =F65 -> 530 | G67: =+F67-E67 -> -15 | H67: =(F67-E67)/ABS(E67) -> -0.027522936 | I67: 664.72131 | J67: =(I67*H67)+I67 -> 646.42623 | K67: =J67-I67 -> -18.295082 | L67: =(J67-I67)/ABS(I67) -> -0.027522936 | M67: COM | O67: =E67-'314020 - P0624'!F67 -> 0 | P67: =I67-'314020 - P0624'!J67 -> 0
A68: 66 | D68: 2614F - 2X6X14 #2 AND BTR DOUG FIR | E68: 545 | F68: =F65 -> 530 | G68: =+F68-E68 -> -15 | H68: =(F68-E68)/ABS(E68) -> -0.027522936 | I68: 664.72131 | J68: =(I68*H68)+I68 -> 646.42623 | K68: =J68-I68 -> -18.295082 | L68: =(J68-I68)/ABS(I68) -> -0.027522936 | M68: COM | O68: =E68-'314020 - P0624'!F68 -> 0 | P68: =I68-'314020 - P0624'!J68 -> 0
A69: 67 | D69: 2616F - 2X6X16 #2 AND BTR DOUG FIR | E69: 545 | F69: =F65 -> 530 | G69: =+F69-E69 -> -15 | H69: =(F69-E69)/ABS(E69) -> -0.027522936 | I69: 664.72131 | J69: =(I69*H69)+I69 -> 646.42623 | K69: =J69-I69 -> -18.295082 | L69: =(J69-I69)/ABS(I69) -> -0.027522936 | M69: COM | O69: =E69-'314020 - P0624'!F69 -> 0 | P69: =I69-'314020 - P0624'!J69 -> 0
A70: 68 | D70: 2618F - 2X6 X 18' #2&BTR DOUG FIR | E70: 545 | F70: =F65 -> 530 | G70: =+F70-E70 -> -15 | H70: =(F70-E70)/ABS(E70) -> -0.027522936 | I70: 664.72131 | J70: =(I70*H70)+I70 -> 646.42623 | K70: =J70-I70 -> -18.295082 | L70: =(J70-I70)/ABS(I70) -> -0.027522936 | M70: COM | O70: =E70-'314020 - P0624'!F70 -> 0 | P70: =I70-'314020 - P0624'!J70 -> 0
A71: 69 | D71: 2620F - 2X6X20 #2 AND BTR DOUG FIR | E71: 545 | F71: =F67 -> 530 | G71: =+F71-E71 -> -15 | H71: =(F71-E71)/ABS(E71) -> -0.027522936 | I71: 664.72131 | J71: =(I71*H71)+I71 -> 646.42623 | K71: =J71-I71 -> -18.295082 | L71: =(J71-I71)/ABS(I71) -> -0.027522936 | M71: COM | O71: =E71-'314020 - P0624'!F71 -> 0 | P71: =I71-'314020 - P0624'!J71 -> 0
A72: 70 | D72: 288DF - 2X8X8 #2 AND BTR DOUG FIR | E72: 678 | F72: 673 | G72: =+F72-E72 -> -5 | H72: =(F72-E72)/ABS(E72) -> -0.0073746313 | I72: 950.98545 | J72: =(I72*H72)+I72 -> 943.97228 | K72: =J72-I72 -> -7.013167 | L72: =(J72-I72)/ABS(I72) -> -0.0073746313 | M72: COM | O72: =E72-'314020 - P0624'!F72 -> 0 | P72: =I72-'314020 - P0624'!J72 -> 0
A73: 71 | D73: 2810DF - 2X8X10 #2 AND BTR DOUG FIR | E73: 678 | F73: =F72 -> 673 | G73: =+F73-E73 -> -5 | H73: =(F73-E73)/ABS(E73) -> -0.0073746313 | I73: 950.98545 | J73: =(I73*H73)+I73 -> 943.97228 | K73: =J73-I73 -> -7.013167 | L73: =(J73-I73)/ABS(I73) -> -0.0073746313 | M73: COM | O73: =E73-'314020 - P0624'!F73 -> 0 | P73: =I73-'314020 - P0624'!J73 -> 0
A74: 72 | D74: 2812DF - 2X8X12 #2 AND BTR DOUG FIR | E74: 678 | F74: =F72 -> 673 | G74: =+F74-E74 -> -5 | H74: =(F74-E74)/ABS(E74) -> -0.0073746313 | I74: 950.98545 | J74: =(I74*H74)+I74 -> 943.97228 | K74: =J74-I74 -> -7.013167 | L74: =(J74-I74)/ABS(I74) -> -0.0073746313 | M74: COM | O74: =E74-'314020 - P0624'!F74 -> 0 | P74: =I74-'314020 - P0624'!J74 -> 0
A75: 73 | D75: 2814DF - 2X8X14 #2 AND BTR DOUG FIR | E75: 678 | F75: =F72 -> 673 | G75: =+F75-E75 -> -5 | H75: =(F75-E75)/ABS(E75) -> -0.0073746313 | I75: 950.98545 | J75: =(I75*H75)+I75 -> 943.97228 | K75: =J75-I75 -> -7.013167 | L75: =(J75-I75)/ABS(I75) -> -0.0073746313 | M75: COM | O75: =E75-'314020 - P0624'!F75 -> 0 | P75: =I75-'314020 - P0624'!J75 -> 0
A76: 74 | D76: 2816DF - 2X8X16 #2 AND BTR DOUG FIR | E76: 678 | F76: =F72 -> 673 | G76: =+F76-E76 -> -5 | H76: =(F76-E76)/ABS(E76) -> -0.0073746313 | I76: 950.98545 | J76: =(I76*H76)+I76 -> 943.97228 | K76: =J76-I76 -> -7.013167 | L76: =(J76-I76)/ABS(I76) -> -0.0073746313 | M76: COM | O76: =E76-'314020 - P0624'!F76 -> 0 | P76: =I76-'314020 - P0624'!J76 -> 0
A77: 75 | D77: 2820DF - 2X8X20 #2 AND BTR DOUG FIR | E77: 678 | F77: =F74 -> 673 | G77: =+F77-E77 -> -5 | H77: =(F77-E77)/ABS(E77) -> -0.0073746313 | I77: 950.98545 | J77: =(I77*H77)+I77 -> 943.97228 | K77: =J77-I77 -> -7.013167 | L77: =(J77-I77)/ABS(I77) -> -0.0073746313 | M77: COM | O77: =E77-'314020 - P0624'!F77 -> 0 | P77: =I77-'314020 - P0624'!J77 -> 0
A78: 76 | D78: 2108DF - 2X10X8 #2 AND BTR DOUG FIR | E78: 728 | F78: 728 | G78: =+F78-E78 -> 0 | H78: =(F78-E78)/ABS(E78) -> 0 | I78: 921.62513 | J78: =(I78*H78)+I78 -> 921.62513 | K78: =J78-I78 -> 0 | L78: =(J78-I78)/ABS(I78) -> 0 | M78: COM | O78: =E78-'314020 - P0624'!F78 -> 0 | P78: =I78-'314020 - P0624'!J78 -> 0
A79: 77 | D79: 21010DF - 2X10X10 #2 AND BTR DOUG FIR | E79: 728 | F79: =F78 -> 728 | G79: =+F79-E79 -> 0 | H79: =(F79-E79)/ABS(E79) -> 0 | I79: 921.62513 | J79: =(I79*H79)+I79 -> 921.62513 | K79: =J79-I79 -> 0 | L79: =(J79-I79)/ABS(I79) -> 0 | M79: COM | O79: =E79-'314020 - P0624'!F79 -> 0 | P79: =I79-'314020 - P0624'!J79 -> 0
A80: 78 | D80: 21012DF - 2X10X12 #2 AND BTR DOUG FIR | E80: 728 | F80: =F78 -> 728 | G80: =+F80-E80 -> 0 | H80: =(F80-E80)/ABS(E80) -> 0 | I80: 921.62513 | J80: =(I80*H80)+I80 -> 921.62513 | K80: =J80-I80 -> 0 | L80: =(J80-I80)/ABS(I80) -> 0 | M80: COM | O80: =E80-'314020 - P0624'!F80 -> 0 | P80: =I80-'314020 - P0624'!J80 -> 0
A81: 79 | D81: 21014DF - 2X10X14 #2 AND BTR DOUG FIR | E81: 728 | F81: =F78 -> 728 | G81: =+F81-E81 -> 0 | H81: =(F81-E81)/ABS(E81) -> 0 | I81: 921.62513 | J81: =(I81*H81)+I81 -> 921.62513 | K81: =J81-I81 -> 0 | L81: =(J81-I81)/ABS(I81) -> 0 | M81: COM | O81: =E81-'314020 - P0624'!F81 -> 0 | P81: =I81-'314020 - P0624'!J81 -> 0
A82: 80 | D82: 21016DF - 2X10X16 #2 AND BTR DOUG FIR | E82: 728 | F82: =F78 -> 728 | G82: =+F82-E82 -> 0 | H82: =(F82-E82)/ABS(E82) -> 0 | I82: 921.62513 | J82: =(I82*H82)+I82 -> 921.62513 | K82: =J82-I82 -> 0 | L82: =(J82-I82)/ABS(I82) -> 0 | M82: COM | O82: =E82-'314020 - P0624'!F82 -> 0 | P82: =I82-'314020 - P0624'!J82 -> 0
A83: 81 | D83: 21020DF - 2X10X20 #2 AND BTR DOUG FIR | E83: 728 | F83: =F80 -> 728 | G83: =+F83-E83 -> 0 | H83: =(F83-E83)/ABS(E83) -> 0 | I83: 921.62513 | J83: =(I83*H83)+I83 -> 921.62513 | K83: =J83-I83 -> 0 | L83: =(J83-I83)/ABS(I83) -> 0 | M83: COM | O83: =E83-'314020 - P0624'!F83 -> 0 | P83: =I83-'314020 - P0624'!J83 -> 0
A84: 82 | D84: 2128DF - 2X12X8 #2 AND BTR DOUG FIR | E84: 743 | F84: 738 | G84: =+F84-E84 -> -5 | H84: =(F84-E84)/ABS(E84) -> -0.0067294751 | I84: 951.76679 | J84: =(I84*H84)+I84 -> 945.3619 | K84: =J84-I84 -> -6.4048909 | L84: =(J84-I84)/ABS(I84) -> -0.0067294751 | M84: COM | O84: =E84-'314020 - P0624'!F84 -> 0 | P84: =I84-'314020 - P0624'!J84 -> 0
A85: 83 | D85: 21210DF - 2X12X10 #2 AND BTR DOUG FIR | E85: 743 | F85: =F84 -> 738 | G85: =+F85-E85 -> -5 | H85: =(F85-E85)/ABS(E85) -> -0.0067294751 | I85: 951.76679 | J85: =(I85*H85)+I85 -> 945.3619 | K85: =J85-I85 -> -6.4048909 | L85: =(J85-I85)/ABS(I85) -> -0.0067294751 | M85: COM | O85: =E85-'314020 - P0624'!F85 -> 0 | P85: =I85-'314020 - P0624'!J85 -> 0
A86: 84 | D86: 21212DF - 2X12X12 #2 AND BTR DOUG FIR | E86: 743 | F86: =F84 -> 738 | G86: =+F86-E86 -> -5 | H86: =(F86-E86)/ABS(E86) -> -0.0067294751 | I86: 951.76679 | J86: =(I86*H86)+I86 -> 945.3619 | K86: =J86-I86 -> -6.4048909 | L86: =(J86-I86)/ABS(I86) -> -0.0067294751 | M86: COM | O86: =E86-'314020 - P0624'!F86 -> 0 | P86: =I86-'314020 - P0624'!J86 -> 0
A87: 85 | D87: 21214DF - 2X12X14 #2 AND BTR DOUG FIR | E87: 743 | F87: =F84 -> 738 | G87: =+F87-E87 -> -5 | H87: =(F87-E87)/ABS(E87) -> -0.0067294751 | I87: 951.76679 | J87: =(I87*H87)+I87 -> 945.3619 | K87: =J87-I87 -> -6.4048909 | L87: =(J87-I87)/ABS(I87) -> -0.0067294751 | M87: COM | O87: =E87-'314020 - P0624'!F87 -> 0 | P87: =I87-'314020 - P0624'!J87 -> 0
A88: 86 | D88: 21216DF - 2X12X16 #2 AND BTR DOUG FIR | E88: 743 | F88: =F84 -> 738 | G88: =+F88-E88 -> -5 | H88: =(F88-E88)/ABS(E88) -> -0.0067294751 | I88: 951.76679 | J88: =(I88*H88)+I88 -> 945.3619 | K88: =J88-I88 -> -6.4048909 | L88: =(J88-I88)/ABS(I88) -> -0.0067294751 | M88: COM | O88: =E88-'314020 - P0624'!F88 -> 0 | P88: =I88-'314020 - P0624'!J88 -> 0
A89: 87 | D89: 21220DF - 2X12X20 #2 AND BTR DOUG FIR | E89: 743 | F89: =F86 -> 738 | G89: =+F89-E89 -> -5 | H89: =(F89-E89)/ABS(E89) -> -0.0067294751 | I89: 951.76679 | J89: =(I89*H89)+I89 -> 945.3619 | K89: =J89-I89 -> -6.4048909 | L89: =(J89-I89)/ABS(I89) -> -0.0067294751 | M89: COM | O89: =E89-'314020 - P0624'!F89 -> 0 | P89: =I89-'314020 - P0624'!J89 -> 0
A90: 88 | C90: DH | D90: 448DF - 4X4 8' S4S #2 GRN DOUG FIR | E90: 12.85 | F90: 10.62 | G90: =+F90-E90 -> -2.23 | H90: =(F90-E90)/ABS(E90) -> -0.17354086 | I90: 2580.3146 | J90: =(I90*H90)+I90 -> 2132.5246 | K90: =J90-I90 -> -447.79001 | L90: =(J90-I90)/ABS(I90) -> -0.17354086 | M90: COM | O90: =E90-'314020 - P0624'!F90 -> 0 | P90: =I90-'314020 - P0624'!J90 -> 0
A91: 89 | D91: End of Dimensional Lumber | H91: =AVERAGE(H65:H90) -> -0.017339463 | L91: =AVERAGE(L65:L89) -> -0.011091408
A92: 90 | D92: Sheet Goods | M92: COM | O92: =E92-'314020 - P0624'!F92 -> 0 | P92: =I92-'314020 - P0624'!J92 -> 0
A93: 91 | D93: 48716OSB - 4X8 7/16" OSB | E93: 510 | F93: 445 | G93: =+F93-E93 -> -65 | H93: =(F93-E93)/ABS(E93) -> -0.12745098 | I93: 578.37989 | J93: =(I93*H93)+I93 -> 504.6648 | K93: =J93-I93 -> -73.715084 | L93: =(J93-I93)/ABS(I93) -> -0.12745098 | M93: COM | O93: =E93-'314020 - P0624'!F93 -> 0 | P93: =I93-'314020 - P0624'!J93 -> 0
A94: 92 | D94: 49716OSB - 4X9X7/16 OSB ORIENTED STRANDBOARD | E94: 530 | F94: 465 | G94: =+F94-E94 -> -65 | H94: =(F94-E94)/ABS(E94) -> -0.12264151 | I94: 609.93869 | J94: =(I94*H94)+I94 -> 535.13489 | K94: =J94-I94 -> -74.803801 | L94: =(J94-I94)/ABS(I94) -> -0.12264151 | M94: COM | O94: =E94-'314020 - P0624'!F94 -> 0 | P94: =I94-'314020 - P0624'!J94 -> 0
A95: 93 | D95: 410716OSB - 4X10-7/16" OSB | E95: 530 | F95: 465 | G95: =+F95-E95 -> -65 | H95: =(F95-E95)/ABS(E95) -> -0.12264151 | I95: 606.36419 | J95: =(I95*H95)+I95 -> 531.99877 | K95: =J95-I95 -> -74.36542 | L95: =(J95-I95)/ABS(I95) -> -0.12264151 | M95: COM | O95: =E95-'314020 - P0624'!F95 -> 0 | P95: =I95-'314020 - P0624'!J95 -> 0
A96: 94 | D96: 481532OSB - 4X8 15/32 OSB | E96: 530 | F96: 465 | G96: =+F96-E96 -> -65 | H96: =(F96-E96)/ABS(E96) -> -0.12264151 | I96: 624.7234 | J96: =(I96*H96)+I96 -> 548.10638 | K96: =J96-I96 -> -76.617021 | L96: =(J96-I96)/ABS(I96) -> -0.12264151 | M96: COM | O96: =E96-'314020 - P0624'!F96 -> 0 | P96: =I96-'314020 - P0624'!J96 -> 0
A97: 95 | D97: 4834OSBTG - 4x8 23/32" T&G OSB SUB-FLOORING | E97: 743 | F97: 693 | G97: =+F97-E97 -> -50 | H97: =(F97-E97)/ABS(E97) -> -0.067294751 | I97: 873.9848 | J97: =(I97*H97)+I97 -> 815.17021 | K97: =J97-I97 -> -58.81459 | L97: =(J97-I97)/ABS(I97) -> -0.067294751 | M97: COM | O97: =E97-'314020 - P0624'!F97 -> 0 | P97: =I97-'314020 - P0624'!J97 -> 0
A98: 96 | C98: DH | D98: 4812NC - 4X8-1/2" CDX NON-COM INTERIOR FIRE RETARDANT | E98: 950 | F98: 945 | G98: =+F98-E98 -> -5 | H98: =(F98-E98)/ABS(E98) -> -0.0052631579 | I98: 1132.1244 | J98: =(I98*H98)+I98 -> 1126.1658 | K98: =J98-I98 -> -5.9585492 | L98: =(J98-I98)/ABS(I98) -> -0.0052631579 | M98: COM | O98: =E98-'314020 - P0624'!F98 -> 0 | P98: =I98-'314020 - P0624'!J98 -> 0
A99: 97 | C99: DH | D99: 4812PT - 4X8 1/2" TREATED PLYWOOD.60 FOUNDATION CDX | E99: 1149 | F99: 1144 | G99: =+F99-E99 -> -5 | H99: =(F99-E99)/ABS(E99) -> -0.0043516101 | I99: 1509.23 | J99: =(I99*H99)+I99 -> 1502.6624 | K99: =J99-I99 -> -6.5675806 | L99: =(J99-I99)/ABS(I99) -> -0.0043516101 | M99: COM | O99: =E99-'314020 - P0624'!F99 -> 0 | P99: =I99-'314020 - P0624'!J99 -> 0
A100: 98 | D100: 4858GYP - 4X8X5/8 EXTERIOR DRYWALL GYP SHEATING | E100: 17.6 | F100: 17.6 | G100: =+F100-E100 -> 0 | H100: =(F100-E100)/ABS(E100) -> 0 | I100: 47.120192 | J100: =(I100*H100)+I100 -> 47.120192 | K100: =J100-I100 -> 0 | L100: =(J100-I100)/ABS(I100) -> 0 | M100: COM | O100: =E100-'314020 - P0624'!F100 -> 0 | P100: =I100-'314020 - P0624'!J100 -> 0
...

Sheet 314020 - P0624
E1: RANDOM LENGTH | F1: RANDOM LENGTH | I1: SELL PRICE | J1: SELL PRICE | M1: TYPE
B2: PROJECT | C2: SUPPLIER | D2: Product Code & Description | E2: P05 2024 MAY 04/12/24 | F2: P06 2024 MAY 05/10/24 | I2: P04 2024 APR 03/08/24 | J2: P06 2024 MAY 05/10/24
A3: 1 | D3: Treated Materials | M3: COM
A4: 2 | C4: DH | D4: 2412BT - 2X4 12' Blue Borate Treated | E4: 681 | F4: 681 | G4: =+F4-E4 -> 0 | H4: =(F4-E4)/ABS(E4) -> 0 | I4: 821.46118 | J4: =(I4*H4)+I4 -> 821.46118 | K4: =J4-I4 -> 0 | L4: =(J4-I4)/ABS(I4) -> 0 | M4: COM | O4: =E4-'310785 - P0524'!F4 -> 0 | P4: =I4-'310785 - P0524'!J4 -> 0
A5: 3 | D5: 2414BT - 2X4 14' Blue Borate Treated | E5: 681 | F5: =F4 -> 681 | G5: =+F5-E5 -> 0 | H5: =(F5-E5)/ABS(E5) -> 0 | I5: 821.46118 | J5: =(I5*H5)+I5 -> 821.46118 | K5: =J5-I5 -> 0 | L5: =(J5-I5)/ABS(I5) -> 0 | M5: COM | O5: =E5-'310785 - P0524'!F5 -> 0 | P5: =I5-'310785 - P0524'!J5 -> 0
A6: 4 | D6: 2416BT - 2X4 16' Blue Borate Treated | E6: 681 | F6: =F4 -> 681 | G6: =+F6-E6 -> 0 | H6: =(F6-E6)/ABS(E6) -> 0 | I6: 821.46118 | J6: =(I6*H6)+I6 -> 821.46118 | K6: =J6-I6 -> 0 | L6: =(J6-I6)/ABS(I6) -> 0 | M6: COM | O6: =E6-'310785 - P0524'!F6 -> 0 | P6: =I6-'310785 - P0524'!J6 -> 0
A7: 5 | C7: DH | D7: 2612BT - 2X6 12' Blue Borate Treated | E7: 706 | F7: 686 | G7: =+F7-E7 -> -20 | H7: =(F7-E7)/ABS(E7) -> -0.028328612 | I7: 911.33416 | J7: =(I7*H7)+I7 -> 885.51733 | K7: =J7-I7 -> -25.816832 | L7: =(J7-I7)/ABS(I7) -> -0.028328612 | M7: COM | O7: =E7-'310785 - P0524'!F7 -> 0 | P7: =I7-'310785 - P0524'!J7 -> 0
A8: 6 | D8: 2614BT - 2X6 14' Blue Borate Treated | E8: 706 | F8: =F7 -> 686 | G8: =+F8-E8 -> -20 | H8: =(F8-E8)/ABS(E8) -> -0.028328612 | I8: 911.33416 | J8: =(I8*H8)+I8 -> 885.51733 | K8: =J8-I8 -> -25.816832 | L8: =(J8-I8)/ABS(I8) -> -0.028328612 | M8: COM | O8: =E8-'310785 - P0524'!F8 -> 0 | P8: =I8-'310785 - P0524'!J8 -> 0
A9: 7 | D9: 2616BT - 2X6 16' Blue Borate Treated | E9: 706 | F9: =F7 -> 686 | G9: =+F9-E9 -> -20 | H9: =(F9-E9)/ABS(E9) -> -0.028328612 | I9: 911.33416 | J9: =(I9*H9)+I9 -> 885.51733 | K9: =J9-I9 -> -25.816832 | L9: =(J9-I9)/ABS(I9) -> -0.028328612 | M9: COM | O9: =E9-'310785 - P0524'!F9 -> 0 | P9: =I9-'310785 - P0524'!J9 -> 0
A10: 8 | C10: DH | D10: 2412T - 2x4 12' #1 SYP Treated MCA Cedartone | E10: 889 | F10: 790 | G10: =+F10-E10 -> -99 | H10: =(F10-E10)/ABS(E10) -> -0.11136108 | I10: 1180.6806 | J10: =(I10*H10)+I10 -> 1049.1987 | K10: =J10-I10 -> -131.48186 | L10: =(J10-I10)/ABS(I10) -> -0.11136108 | M10: COM | O10: =E10-'310785 - P0524'!F10 -> 0 | P10: =I10-'310785 - P0524'!J10 -> 0
A11: 9 | D11: 2416T - 2x4 16' #1 SYP Treated MCA Cedartone | E11: 889 | F11: =F10 -> 790 | G11: =+F11-E11 -> -99 | H11: =(F11-E11)/ABS(E11) -> -0.11136108 | I11: 1180.6806 | J11: =(I11*H11)+I11 -> 1049.1987 | K11: =J11-I11 -> -131.48186 | L11: =(J11-I11)/ABS(I11) -> -0.11136108 | M11: COM | O11: =E11-'310785 - P0524'!F11 -> 0 | P11: =I11-'310785 - P0524'!J11 -> 0
A12: 10 | C12: DH | D12: 2612T - 2x6 12' #1 SYP Treated MCA Cedartone | E12: 832 | F12: 735 | G12: =+F12-E12 -> -97 | H12: =(F12-E12)/ABS(E12) -> -0.11658654 | I12: 992.4507 | J12: =(I12*H12)+I12 -> 876.74431 | K12: =J12-I12 -> -115.70639 | L12: =(J12-I12)/ABS(I12) -> -0.11658654 | M12: COM | O12: =E12-'310785 - P0524'!F12 -> 0 | P12: =I12-'310785 - P0524'!J12 -> 0
A13: 11 | D13: 2616T - 2x6 16' #1 SYP Treated MCA Cedartone | E13: 832 | F13: =F12 -> 735 | G13: =+F13-E13 -> -97 | H13: =(F13-E13)/ABS(E13) -> -0.11658654 | I13: 992.4507 | J13: =(I13*H13)+I13 -> 876.74431 | K13: =J13-I13 -> -115.70639 | L13: =(J13-I13)/ABS(I13) -> -0.11658654 | M13: COM | O13: =E13-'310785 - P0524'!F13 -> 0 | P13: =I13-'310785 - P0524'!J13 -> 0
A14: 12 | D14: 2812T - 2x8 12' #1 SYP Treated MCA Cedartone | E14: 811 | F14: 720 | G14: =+F14-E14 -> -91 | H14: =(F14-E14)/ABS(E14) -> -0.11220715 | I14: 1042.4809 | J14: =(I14*H14)+I14 -> 925.50705 | K14: =J14-I14 -> -116.97381 | L14: =(J14-I14)/ABS(I14) -> -0.11220715 | M14: COM | O14: =E14-'310785 - P0524'!F14 -> 0 | P14: =I14-'310785 - P0524'!J14 -> 0
A15: 13 | D15: 2816T - 2x8 16' #1 SYP Treated MCA Cedartone | E15: 811 | F15: =F14 -> 720 | G15: =+F15-E15 -> -91 | H15: =(F15-E15)/ABS(E15) -> -0.11220715 | I15: 1042.4809 | J15: =(I15*H15)+I15 -> 925.50705 | K15: =J15-I15 -> -116.97381 | L15: =(J15-I15)/ABS(I15) -> -0.11220715 | M15: COM | O15: =E15-'310785 - P0524'!F15 -> 0 | P15: =I15-'310785 - P0524'!J15 -> 0
A16: 14 | C16: DH | D16: 21012T - 2x10 12' #1 SYP Treated MCA Cedartone | E16: 796 | F16: 740 | G16: =+F16-E16 -> -56 | H16: =(F16-E16)/ABS(E16) -> -0.070351759 | I16: 1121.2473 | J16: =(I16*H16)+I16 -> 1042.3656 | K16: =J16-I16 -> -78.88172 | L16: =(J16-I16)/ABS(I16) -> -0.070351759 | M16: COM | O16: =E16-'310785 - P0524'!F16 -> 0 | P16: =I16-'310785 - P0524'!J16 -> 0
A17: 15 | D17: 21016T - 2x10 16' #1 SYP Treated MCA Cedartone | E17: 796 | F17: =F16 -> 740 | G17: =+F17-E17 -> -56 | H17: =(F17-E17)/ABS(E17) -> -0.070351759 | I17: 1121.2473 | J17: =(I17*H17)+I17 -> 1042.3656 | K17: =J17-I17 -> -78.88172 | L17: =(J17-I17)/ABS(I17) -> -0.070351759 | M17: COM | O17: =E17-'310785 - P0524'!F17 -> 0 | P17: =I17-'310785 - P0524'!J17 -> 0
A18: 16 | C18: DH | D18: 21212T - 2x12 12' #1 SYP Treated MCA Cedartone | E18: 1129 | F18: 855 | G18: =+F18-E18 -> -274 | H18: =(F18-E18)/ABS(E18) -> -0.24269265 | I18: 1569.048 | J18: =(I18*H18)+I18 -> 1188.2516 | K18: =J18-I18 -> -380.79641 | L18: =(J18-I18)/ABS(I18) -> -0.24269265 | M18: COM | O18: =E18-'310785 - P0524'!F18 -> 0 | P18: =I18-'310785 - P0524'!J18 -> 0
A19: 17 | D19: 21216T - 2x12 16' #1 SYP Treated MCA Cedartone | E19: 1129 | F19: =F18 -> 855 | G19: =+F19-E19 -> -274 | H19: =(F19-E19)/ABS(E19) -> -0.24269265 | I19: 1569.048 | J19: =(I19*H19)+I19 -> 1188.2516 | K19: =J19-I19 -> -380.79641 | L19: =(J19-I19)/ABS(I19) -> -0.24269265 | M19: COM | O19: =E19-'310785 - P0524'!F19 -> 0 | P19: =I19-'310785 - P0524'!J19 -> 0
A20: 18 | C20: DH | D20: 21220T - 2x12 20' #1 SYP Treated MCA Cedartone | E20: 52.08 | F20: 42 | G20: =+F20-E20 -> -10.08 | H20: =(F20-E20)/ABS(E20) -> -0.19354839 | I20: 2615.6102 | J20: =(I20*H20)+I20 -> 2109.3631 | K20: =J20-I20 -> -506.24714 | L20: =(J20-I20)/ABS(I20) -> -0.19354839 | M20: COM | O20: =E20-'310785 - P0524'!F20 -> 0 | P20: =I20-'310785 - P0524'!J20 -> 0
A21: 19 | C21: DH | D21: 4410T - 4X4 10' HF Std/btr S4S CEDARTONE GROUND CONTACT | E21: 15.6 | F21: 16.07 | G21: =+F21-E21 -> 0.47 | H21: =(F21-E21)/ABS(E21) -> 0.030128205 | I21: 35.42148 | J21: =(I21*H21)+I21 -> 36.488665 | K21: =J21-I21 -> 1.0671856 | L21: =(J21-I21)/ABS(I21) -> 0.030128205 | M21: COM | O21: =E21-'310785 - P0524'!F21 -> 0 | P21: =I21-'310785 - P0524'!J21 -> 0
A22: 20 | C22: DH | D22: 6610T - 6X6 10' HF #2 S4S CEDARTONE GROUND CONTACT | E22: 1430 | F22: 1430 | G22: =+F22-E22 -> 0 | H22: =(F22-E22)/ABS(E22) -> 0 | I22: 2041.9222 | J22: =(I22*H22)+I22 -> 2041.9222 | K22: =J22-I22 -> 0 | L22: =(J22-I22)/ABS(I22) -> 0 | M22: COM | O22: =E22-'310785 - P0524'!F22 -> 0 | P22: =I22-'310785 - P0524'!J22 -> 0
A23: 21 | D23: 6612T - 6X6 12' HF #2 S4S CEDARTONE GROUND CONTACT | E23: 1430 | F23: =F22 -> 1430 | G23: =+F23-E23 -> 0 | H23: =(F23-E23)/ABS(E23) -> 0 | I23: 2041.9222 | J23: =(I23*H23)+I23 -> 2041.9222 | K23: =J23-I23 -> 0 | L23: =(J23-I23)/ABS(I23) -> 0 | M23: COM | O23: =E23-'310785 - P0524'!F23 -> 0 | P23: =I23-'310785 - P0524'!J23 -> 0
A24: 22 | D24: End of Treated Materials | H24: =AVERAGE(H4:H23) -> -0.077740219 | L24: =AVERAGE(L4:L23) -> -0.077740219
A25: 23 | D25: Studs | M25: COM
A26: 24 | D26: 2492F - 2X4 92-5/8 HEM FIR STUD | E26: 561 | F26: 501 | G26: =+F26-E26 -> -60 | H26: =(F26-E26)/ABS(E26) -> -0.10695187 | I26: 832.33669 | J26: =(I26*H26)+I26 -> 743.31672 | K26: =J26-I26 -> -89.019966 | L26: =(J26-I26)/ABS(I26) -> -0.10695187 | M26: COM | O26: =E26-'310785 - P0524'!F26 -> 0 | P26: =I26-'310785 - P0524'!J26 -> 0
A27: 25 | D27: 24104F - 2X4 104-5/8 HEM FIR STUD | E27: 616 | F27: 531 | G27: =+F27-E27 -> -85 | H27: =(F27-E27)/ABS(E27) -> -0.13798701 | I27: 812.63514 | J27: =(I27*H27)+I27 -> 700.50204 | K27: =J27-I27 -> -112.1331 | L27: =(J27-I27)/ABS(I27) -> -0.13798701 | M27: COM | O27: =E27-'310785 - P0524'!F27 -> 0 | P27: =I27-'310785 - P0524'!J27 -> 0
A28: 26 | D28: 24116F - 2X4 116-5/8 HEM FIR STUD | E28: 616 | F28: 531 | G28: =+F28-E28 -> -85 | H28: =(F28-E28)/ABS(E28) -> -0.13798701 | I28: 763.20185 | J28: =(I28*H28)+I28 -> 657.8899 | K28: =J28-I28 -> -105.31194 | L28: =(J28-I28)/ABS(I28) -> -0.13798701 | M28: COM | O28: =E28-'310785 - P0524'!F28 -> 0 | P28: =I28-'310785 - P0524'!J28 -> 0
A29: 27 | D29: 2692F - 2X6 92-5/8 HEM FIR STUD | E29: 491 | F29: 456 | G29: =+F29-E29 -> -35 | H29: =(F29-E29)/ABS(E29) -> -0.071283096 | I29: 631.17642 | J29: =(I29*H29)+I29 -> 586.18421 | K29: =J29-I29 -> -44.992209 | L29: =(J29-I29)/ABS(I29) -> -0.071283096 | M29: COM | O29: =E29-'310785 - P0524'!F29 -> 0 | P29: =I29-'310785 - P0524'!J29 -> 0
A30: 28 | D30: 26104F - 2X6 104-5/8 HEM FIR STUD | E30: 621 | F30: 566 | G30: =+F30-E30 -> -55 | H30: =(F30-E30)/ABS(E30) -> -0.088566828 | I30: 785.88225 | J30: =(I30*H30)+I30 -> 716.27915 | K30: =J30-I30 -> -69.603098 | L30: =(J30-I30)/ABS(I30) -> -0.088566828 | M30: COM | O30: =E30-'310785 - P0524'!F30 -> 0 | P30: =I30-'310785 - P0524'!J30 -> 0
A31: 29 | D31: 26116F - 2X6 116-5/8 HEM FIR STUD | E31: 621 | F31: 566 | G31: =+F31-E31 -> -55 | H31: =(F31-E31)/ABS(E31) -> -0.088566828 | I31: 742.41791 | J31: =(I31*H31)+I31 -> 676.66431 | K31: =J31-I31 -> -65.753599 | L31: =(J31-I31)/ABS(I31) -> -0.088566828 | M31: COM | O31: =E31-'310785 - P0524'!F31 -> 0 | P31: =I31-'310785 - P0524'!J31 -> 0
A32: 30 | D32: End of Studs | H32: =AVERAGE(H26:H31) -> -0.10522377 | L32: =AVERAGE(L26:L31) -> -0.10522377
A33: 31 | D33: Dimensional Lumber | M33: COM
A34: 32 | D34: 248F - 2X4X8 #2 AND BTR HEM FIR | E34: 675 | F34: 590 | G34: =+F34-E34 -> -85 | H34: =(F34-E34)/ABS(E34) -> -0.12592593 | I34: 767.52155 | J34: =(I34*H34)+I34 -> 670.87069 | K34: =J34-I34 -> -96.650862 | L34: =(J34-I34)/ABS(I34) -> -0.12592593 | M34: COM | O34: =E34-'310785 - P0524'!F34 -> 0 | P34: =I34-'310785 - P0524'!J34 -> 0
A35: 33 | D35: 2410F - 2X4X10 #2 AND BTR HEM FIR | E35: 675 | F35: =F34 -> 590 | G35: =+F35-E35 -> -85 | H35: =(F35-E35)/ABS(E35) -> -0.12592593 | I35: 767.52155 | J35: =(I35*H35)+I35 -> 670.87069 | K35: =J35-I35 -> -96.650862 | L35: =(J35-I35)/ABS(I35) -> -0.12592593 | M35: COM | O35: =E35-'310785 - P0524'!F35 -> 0 | P35: =I35-'310785 - P0524'!J35 -> 0
A36: 34 | D36: 2412F - 2X4X12 #2 AND BTR HEM FIR | E36: 675 | F36: =F34 -> 590 | G36: =+F36-E36 -> -85 | H36: =(F36-E36)/ABS(E36) -> -0.12592593 | I36: 767.52155 | J36: =(I36*H36)+I36 -> 670.87069 | K36: =J36-I36 -> -96.650862 | L36: =(J36-I36)/ABS(I36) -> -0.12592593 | M36: COM | O36: =E36-'310785 - P0524'!F36 -> 0 | P36: =I36-'310785 - P0524'!J36 -> 0
A37: 35 | D37: 2414F - 2X4X14 #2 AND BTR HEM FIR | E37: 675 | F37: =F34 -> 590 | G37: =+F37-E37 -> -85 | H37: =(F37-E37)/ABS(E37) -> -0.12592593 | I37: 767.52155 | J37: =(I37*H37)+I37 -> 670.87069 | K37: =J37-I37 -> -96.650862 | L37: =(J37-I37)/ABS(I37) -> -0.12592593 | M37: COM | O37: =E37-'310785 - P0524'!F37 -> 0 | P37: =I37-'310785 - P0524'!J37 -> 0
A38: 36 | D38: 2416F - 2X4X16 #2 AND BTR HEM FIR | E38: 675 | F38: =F34 -> 590 | G38: =+F38-E38 -> -85 | H38: =(F38-E38)/ABS(E38) -> -0.12592593 | I38: 767.52155 | J38: =(I38*H38)+I38 -> 670.87069 | K38: =J38-I38 -> -96.650862 | L38: =(J38-I38)/ABS(I38) -> -0.12592593 | M38: COM | O38: =E38-'310785 - P0524'!F38 -> 0 | P38: =I38-'310785 - P0524'!J38 -> 0
A39: 37 | D39: 2418F - 2X4X18 #2 AND BTR HEM FIR | E39: 675 | F39: =F34 -> 590 | G39: =+F39-E39 -> -85 | H39: =(F39-E39)/ABS(E39) -> -0.12592593 | I39: 767.52155 | J39: =(I39*H39)+I39 -> 670.87069 | K39: =J39-I39 -> -96.650862 | L39: =(J39-I39)/ABS(I39) -> -0.12592593 | M39: COM | O39: =E39-'310785 - P0524'!F39 -> 0 | P39: =I39-'310785 - P0524'!J39 -> 0
A40: 38 | D40: 2420F - 2X4X20 #2 AND BTR HEM FIR | E40: 675 | F40: =F34 -> 590 | G40: =+F40-E40 -> -85 | H40: =(F40-E40)/ABS(E40) -> -0.12592593 | I40: 767.52155 | J40: =(I40*H40)+I40 -> 670.87069 | K40: =J40-I40 -> -96.650862 | L40: =(J40-I40)/ABS(I40) -> -0.12592593 | M40: COM | O40: =E40-'310785 - P0524'!F40 -> 0 | P40: =I40-'310785 - P0524'!J40 -> 0
A41: 39 | D41: 242RLF - 2X4 R/L #2 AND BTR HEM FIR | E41: 675 | F41: =F35 -> 590 | G41: =+F41-E41 -> -85 | H41: =(F41-E41)/ABS(E41) -> -0.12592593 | I41: 767.52155 | J41: =(I41*H41)+I41 -> 670.87069 | K41: =J41-I41 -> -96.650862 | L41: =(J41-I41)/ABS(I41) -> -0.12592593 | M41: COM | O41: =E41-'310785 - P0524'!F41 -> 0 | P41: =I41-'310785 - P0524'!J41 -> 0
A42: 40 | D42: 268F - 2X6X8 #2 AND BTR HEM FIR | E42: 625 | F42: 560 | G42: =+F42-E42 -> -65 | H42: =(F42-E42)/ABS(E42) -> -0.104 | I42: 712.74038 | J42: =(I42*H42)+I42 -> 638.61538 | K42: =J42-I42 -> -74.125 | L42: =(J42-I42)/ABS(I42) -> -0.104 | M42: COM | O42: =E42-'310785 - P0524'!F42 -> 0 | P42: =I42-'310785 - P0524'!J42 -> 0
A43: 41 | D43: 2610F - 2X6X10 #2 AND BTR HEM FIR | E43: 625 | F43: =F42 -> 560 | G43: =+F43-E43 -> -65 | H43: =(F43-E43)/ABS(E43) -> -0.104 | I43: 712.74038 | J43: =(I43*H43)+I43 -> 638.61538 | K43: =J43-I43 -> -74.125 | L43: =(J43-I43)/ABS(I43) -> -0.104 | M43: COM | O43: =E43-'310785 - P0524'!F43 -> 0 | P43: =I43-'310785 - P0524'!J43 -> 0
A44: 42 | D44: 2612F - 2X6X12 #2 AND BTR HEM FIR | E44: 625 | F44: =F42 -> 560 | G44: =+F44-E44 -> -65 | H44: =(F44-E44)/ABS(E44) -> -0.104 | I44: 712.74038 | J44: =(I44*H44)+I44 -> 638.61538 | K44: =J44-I44 -> -74.125 | L44: =(J44-I44)/ABS(I44) -> -0.104 | M44: COM | O44: =E44-'310785 - P0524'!F44 -> 0 | P44: =I44-'310785 - P0524'!J44 -> 0
A45: 43 | D45: 2614F - 2X6X14 #2 AND BTR HEM FIR | E45: 625 | F45: =F42 -> 560 | G45: =+F45-E45 -> -65 | H45: =(F45-E45)/ABS(E45) -> -0.104 | I45: 712.74038 | J45: =(I45*H45)+I45 -> 638.61538 | K45: =J45-I45 -> -74.125 | L45: =(J45-I45)/ABS(I45) -> -0.104 | M45: COM | O45: =E45-'310785 - P0524'!F45 -> 0 | P45: =I45-'310785 - P0524'!J45 -> 0
A46: 44 | D46: 2616F - 2X6X16 #2 AND BTR HEM FIR | E46: 625 | F46: =F42 -> 560 | G46: =+F46-E46 -> -65 | H46: =(F46-E46)/ABS(E46) -> -0.104 | I46: 712.74038 | J46: =(I46*H46)+I46 -> 638.61538 | K46: =J46-I46 -> -74.125 | L46: =(J46-I46)/ABS(I46) -> -0.104 | M46: COM | O46: =E46-'310785 - P0524'!F46 -> 0 | P46: =I46-'310785 - P0524'!J46 -> 0
A47: 45 | D47: 2618F - 2X6 X 18' #2&BTR HEM FIR | E47: 625 | F47: =F42 -> 560 | G47: =+F47-E47 -> -65 | H47: =(F47-E47)/ABS(E47) -> -0.104 | I47: 712.74038 | J47: =(I47*H47)+I47 -> 638.61538 | K47: =J47-I47 -> -74.125 | L47: =(J47-I47)/ABS(I47) -> -0.104 | M47: COM | O47: =E47-'310785 - P0524'!F47 -> 0 | P47: =I47-'310785 - P0524'!J47 -> 0
A48: 46 | D48: 2620F - 2X6X20 #2 & BTR HEM FIR | E48: 625 | F48: =F42 -> 560 | G48: =+F48-E48 -> -65 | H48: =(F48-E48)/ABS(E48) -> -0.104 | I48: 712.74038 | J48: =(I48*H48)+I48 -> 638.61538 | K48: =J48-I48 -> -74.125 | L48: =(J48-I48)/ABS(I48) -> -0.104 | M48: COM | O48: =E48-'310785 - P0524'!F48 -> 0 | P48: =I48-'310785 - P0524'!J48 -> 0
A49: 47 | D49: 26RLF - 2X6 R/L #2 & BTR HEM FIR | E49: 625 | F49: =F43 -> 560 | G49: =+F49-E49 -> -65 | H49: =(F49-E49)/ABS(E49) -> -0.104 | I49: 712.74038 | J49: =(I49*H49)+I49 -> 638.61538 | K49: =J49-I49 -> -74.125 | L49: =(J49-I49)/ABS(I49) -> -0.104 | M49: COM | O49: =E49-'310785 - P0524'!F49 -> 0 | P49: =I49-'310785 - P0524'!J49 -> 0
A50: 48 | D50: 2810F - 2X8X10 #2 AND BTR HEM FIR | E50: 540 | F50: 495 | G50: =+F50-E50 -> -45 | H50: =(F50-E50)/ABS(E50) -> -0.083333333 | I50: 668.47706 | J50: =(I50*H50)+I50 -> 612.77064 | K50: =J50-I50 -> -55.706422 | L50: =(J50-I50)/ABS(I50) -> -0.083333333 | M50: COM | O50: =E50-'310785 - P0524'!F50 -> 0 | P50: =I50-'310785 - P0524'!J50 -> 0
A51: 49 | D51: 2812F - 2X8X12 #2 AND BTR HEM FIR | E51: 540 | F51: =F50 -> 495 | G51: =+F51-E51 -> -45 | H51: =(F51-E51)/ABS(E51) -> -0.083333333 | I51: 668.47706 | J51: =(I51*H51)+I51 -> 612.77064 | K51: =J51-I51 -> -55.706422 | L51: =(J51-I51)/ABS(I51) -> -0.083333333 | M51: COM | O51: =E51-'310785 - P0524'!F51 -> 0 | P51: =I51-'310785 - P0524'!J51 -> 0
A52: 50 | D52: 2814F - 2X8X14 #2 AND BTR HEM FIR | E52: 540 | F52: =F50 -> 495 | G52: =+F52-E52 -> -45 | H52: =(F52-E52)/ABS(E52) -> -0.083333333 | I52: 668.47706 | J52: =(I52*H52)+I52 -> 612.77064 | K52: =J52-I52 -> -55.706422 | L52: =(J52-I52)/ABS(I52) -> -0.083333333 | M52: COM | O52: =E52-'310785 - P0524'!F52 -> 0 | P52: =I52-'310785 - P0524'!J52 -> 0
A53: 51 | D53: 2816F - 2X8X16 #2 AND BTR HEM FIR | E53: 540 | F53: =F50 -> 495 | G53: =+F53-E53 -> -45 | H53: =(F53-E53)/ABS(E53) -> -0.083333333 | I53: 668.47706 | J53: =(I53*H53)+I53 -> 612.77064 | K53: =J53-I53 -> -55.706422 | L53: =(J53-I53)/ABS(I53) -> -0.083333333 | M53: COM | O53: =E53-'310785 - P0524'!F53 -> 0 | P53: =I53-'310785 - P0524'!J53 -> 0
A54: 52 | D54: 2108F - 2X10X8 #2 AND BTR HEM FIR | E54: 573 | F54: 528 | G54: =+F54-E54 -> -45 | H54: =(F54-E54)/ABS(E54) -> -0.078534031 | I54: 914.47178 | J54: =(I54*H54)+I54 -> 842.65463 | K54: =J54-I54 -> -71.817156 | L54: =(J54-I54)/ABS(I54) -> -0.078534031 | M54: COM | O54: =E54-'310785 - P0524'!F54 -> 0 | P54: =I54-'310785 - P0524'!J54 -> 0
A55: 53 | D55: 21010F - 2X10X10 #2 AND BTR HEM FIR | E55: 573 | F55: =F54 -> 528 | G55: =+F55-E55 -> -45 | H55: =(F55-E55)/ABS(E55) -> -0.078534031 | I55: 914.47178 | J55: =(I55*H55)+I55 -> 842.65463 | K55: =J55-I55 -> -71.817156 | L55: =(J55-I55)/ABS(I55) -> -0.078534031 | M55: COM | O55: =E55-'310785 - P0524'!F55 -> 0 | P55: =I55-'310785 - P0524'!J55 -> 0
A56: 54 | D56: 21012F - 2X10X12 #2 AND BTR HEM FIR | E56: 573 | F56: =F54 -> 528 | G56: =+F56-E56 -> -45 | H56: =(F56-E56)/ABS(E56) -> -0.078534031 | I56: 914.47178 | J56: =(I56*H56)+I56 -> 842.65463 | K56: =J56-I56 -> -71.817156 | L56: =(J56-I56)/ABS(I56) -> -0.078534031 | M56: COM | O56: =E56-'310785 - P0524'!F56 -> 0 | P56: =I56-'310785 - P0524'!J56 -> 0
A57: 55 | D57: 21014F - 2X10X14 #2 AND BTR HEM FIR | E57: 573 | F57: =F54 -> 528 | G57: =+F57-E57 -> -45 | H57: =(F57-E57)/ABS(E57) -> -0.078534031 | I57: 914.47178 | J57: =(I57*H57)+I57 -> 842.65463 | K57: =J57-I57 -> -71.817156 | L57: =(J57-I57)/ABS(I57) -> -0.078534031 | M57: COM | O57: =E57-'310785 - P0524'!F57 -> 0 | P57: =I57-'310785 - P0524'!J57 -> 0
A58: 56 | D58: 21016F - 2X10X16 #2 AND BTR HEM FIR | E58: 573 | F58: =F54 -> 528 | G58: =+F58-E58 -> -45 | H58: =(F58-E58)/ABS(E58) -> -0.078534031 | I58: 914.47178 | J58: =(I58*H58)+I58 -> 842.65463 | K58: =J58-I58 -> -71.817156 | L58: =(J58-I58)/ABS(I58) -> -0.078534031 | M58: COM | O58: =E58-'310785 - P0524'!F58 -> 0 | P58: =I58-'310785 - P0524'!J58 -> 0
A59: 57 | D59: 21210F - 2X12X10 #2 AND BTR HEM FIR | E59: 578 | F59: 523 | G59: =+F59-E59 -> -55 | H59: =(F59-E59)/ABS(E59) -> -0.095155709 | I59: 830.47212 | J59: =(I59*H59)+I59 -> 751.44796 | K59: =J59-I59 -> -79.024164 | L59: =(J59-I59)/ABS(I59) -> -0.095155709 | M59: COM | O59: =E59-'310785 - P0524'!F59 -> 0 | P59: =I59-'310785 - P0524'!J59 -> 0
A60: 58 | D60: 21212F - 2X12X12 #2 AND BTR HEM FIR | E60: 578 | F60: =F59 -> 523 | G60: =+F60-E60 -> -55 | H60: =(F60-E60)/ABS(E60) -> -0.095155709 | I60: 830.47212 | J60: =(I60*H60)+I60 -> 751.44796 | K60: =J60-I60 -> -79.024164 | L60: =(J60-I60)/ABS(I60) -> -0.095155709 | M60: COM | O60: =E60-'310785 - P0524'!F60 -> 0 | P60: =I60-'310785 - P0524'!J60 -> 0
A61: 59 | D61: 21214F - 2X12X14 #2 AND BTR HEM FIR | E61: 578 | F61: =F59 -> 523 | G61: =+F61-E61 -> -55 | H61: =(F61-E61)/ABS(E61) -> -0.095155709 | I61: 830.47212 | J61: =(I61*H61)+I61 -> 751.44796 | K61: =J61-I61 -> -79.024164 | L61: =(J61-I61)/ABS(I61) -> -0.095155709 | M61: COM | O61: =E61-'310785 - P0524'!F61 -> 0 | P61: =I61-'310785 - P0524'!J61 -> 0
A62: 60 | D62: 21216F - 2X12X16 #2 AND BTR HEM FIR | E62: 578 | F62: =F59 -> 523 | G62: =+F62-E62 -> -55 | H62: =(F62-E62)/ABS(E62) -> -0.095155709 | I62: 830.47212 | J62: =(I62*H62)+I62 -> 751.44796 | K62: =J62-I62 -> -79.024164 | L62: =(J62-I62)/ABS(I62) -> -0.095155709 | M62: COM | O62: =E62-'310785 - P0524'!F62 -> 0 | P62: =I62-'310785 - P0524'!J62 -> 0
A63: 61 | H63: =AVERAGE(H34:H62) -> -0.10158737 | L63: =AVERAGE(L34:L62) -> -0.10158737
A64: 62 | D64: DOUG FIR
A65: 63 | D65: 268F - 2X6X8 #2 AND BTR DOUG FIR | E65: 600 | F65: 545 | G65: =+F65-E65 -> -55 | H65: =(F65-E65)/ABS(E65) -> -0.091666667 | I65: 731.80328 | J65: =(I65*H65)+I65 -> 664.72131 | K65: =J65-I65 -> -67.081967 | L65: =(J65-I65)/ABS(I65) -> -0.091666667 | M65: COM | O65: =E65-'310785 - P0524'!F65 -> 0 | P65: =I65-'310785 - P0524'!J65 -> 0
A66: 64 | D66: 2610F - 2X6X10 #2 AND BTR DOUG FIR | E66: 600 | F66: =F65 -> 545 | G66: =+F66-E66 -> -55 | H66: =(F66-E66)/ABS(E66) -> -0.091666667 | I66: 731.80328 | J66: =(I66*H66)+I66 -> 664.72131 | K66: =J66-I66 -> -67.081967 | L66: =(J66-I66)/ABS(I66) -> -0.091666667 | M66: COM | O66: =E66-'310785 - P0524'!F66 -> 0 | P66: =I66-'310785 - P0524'!J66 -> 0
A67: 65 | D67: 2612F - 2X6X12 #2 AND BTR DOUG FIR | E67: 600 | F67: =F65 -> 545 | G67: =+F67-E67 -> -55 | H67: =(F67-E67)/ABS(E67) -> -0.091666667 | I67: 731.80328 | J67: =(I67*H67)+I67 -> 664.72131 | K67: =J67-I67 -> -67.081967 | L67: =(J67-I67)/ABS(I67) -> -0.091666667 | M67: COM | O67: =E67-'310785 - P0524'!F67 -> 0 | P67: =I67-'310785 - P0524'!J67 -> 0
A68: 66 | D68: 2614F - 2X6X14 #2 AND BTR DOUG FIR | E68: 600 | F68: =F65 -> 545 | G68: =+F68-E68 -> -55 | H68: =(F68-E68)/ABS(E68) -> -0.091666667 | I68: 731.80328 | J68: =(I68*H68)+I68 -> 664.72131 | K68: =J68-I68 -> -67.081967 | L68: =(J68-I68)/ABS(I68) -> -0.091666667 | M68: COM | O68: =E68-'310785 - P0524'!F68 -> 0 | P68: =I68-'310785 - P0524'!J68 -> 0
A69: 67 | D69: 2616F - 2X6X16 #2 AND BTR DOUG FIR | E69: 600 | F69: =F65 -> 545 | G69: =+F69-E69 -> -55 | H69: =(F69-E69)/ABS(E69) -> -0.091666667 | I69: 731.80328 | J69: =(I69*H69)+I69 -> 664.72131 | K69: =J69-I69 -> -67.081967 | L69: =(J69-I69)/ABS(I69) -> -0.091666667 | M69: COM | O69: =E69-'310785 - P0524'!F69 -> 0 | P69: =I69-'310785 - P0524'!J69 -> 0
A70: 68 | D70: 2618F - 2X6 X 18' #2&BTR DOUG FIR | E70: 600 | F70: =F65 -> 545 | G70: =+F70-E70 -> -55 | H70: =(F70-E70)/ABS(E70) -> -0.091666667 | I70: 731.80328 | J70: =(I70*H70)+I70 -> 664.72131 | K70: =J70-I70 -> -67.081967 | L70: =(J70-I70)/ABS(I70) -> -0.091666667 | M70: COM | O70: =E70-'310785 - P0524'!F70 -> 0 | P70: =I70-'310785 - P0524'!J70 -> 0
A71: 69 | D71: 2620F - 2X6X20 #2 AND BTR DOUG FIR | E71: 600 | F71: =F67 -> 545 | G71: =+F71-E71 -> -55 | H71: =(F71-E71)/ABS(E71) -> -0.091666667 | I71: 731.80328 | J71: =(I71*H71)+I71 -> 664.72131 | K71: =J71-I71 -> -67.081967 | L71: =(J71-I71)/ABS(I71) -> -0.091666667 | M71: COM | O71: =E71-'310785 - P0524'!F71 -> 0 | P71: =I71-'310785 - P0524'!J71 -> 0
A72: 70 | D72: 288DF - 2X8X8 #2 AND BTR DOUG FIR | E72: 698 | F72: 678 | G72: =+F72-E72 -> -20 | H72: =(F72-E72)/ABS(E72) -> -0.028653295 | I72: 979.03812 | J72: =(I72*H72)+I72 -> 950.98545 | K72: =J72-I72 -> -28.052668 | L72: =(J72-I72)/ABS(I72) -> -0.028653295 | M72: COM | O72: =E72-'310785 - P0524'!F72 -> 0 | P72: =I72-'310785 - P0524'!J72 -> 0
A73: 71 | D73: 2810DF - 2X8X10 #2 AND BTR DOUG FIR | E73: 698 | F73: =F72 -> 678 | G73: =+F73-E73 -> -20 | H73: =(F73-E73)/ABS(E73) -> -0.028653295 | I73: 979.03812 | J73: =(I73*H73)+I73 -> 950.98545 | K73: =J73-I73 -> -28.052668 | L73: =(J73-I73)/ABS(I73) -> -0.028653295 | M73: COM | O73: =E73-'310785 - P0524'!F73 -> 0 | P73: =I73-'310785 - P0524'!J73 -> 0
A74: 72 | D74: 2812DF - 2X8X12 #2 AND BTR DOUG FIR | E74: 698 | F74: =F72 -> 678 | G74: =+F74-E74 -> -20 | H74: =(F74-E74)/ABS(E74) -> -0.028653295 | I74: 979.03812 | J74: =(I74*H74)+I74 -> 950.98545 | K74: =J74-I74 -> -28.052668 | L74: =(J74-I74)/ABS(I74) -> -0.028653295 | M74: COM | O74: =E74-'310785 - P0524'!F74 -> 0 | P74: =I74-'310785 - P0524'!J74 -> 0
A75: 73 | D75: 2814DF - 2X8X14 #2 AND BTR DOUG FIR | E75: 698 | F75: =F72 -> 678 | G75: =+F75-E75 -> -20 | H75: =(F75-E75)/ABS(E75) -> -0.028653295 | I75: 979.03812 | J75: =(I75*H75)+I75 -> 950.98545 | K75: =J75-I75 -> -28.052668 | L75: =(J75-I75)/ABS(I75) -> -0.028653295 | M75: COM | O75: =E75-'310785 - P0524'!F75 -> 0 | P75: =I75-'310785 - P0524'!J75 -> 0
A76: 74 | D76: 2816DF - 2X8X16 #2 AND BTR DOUG FIR | E76: 698 | F76: =F72 -> 678 | G76: =+F76-E76 -> -20 | H76: =(F76-E76)/ABS(E76) -> -0.028653295 | I76: 979.03812 | J76: =(I76*H76)+I76 -> 950.98545 | K76: =J76-I76 -> -28.052668 | L76: =(J76-I76)/ABS(I76) -> -0.028653295 | M76: COM | O76: =E76-'310785 - P0524'!F76 -> 0 | P76: =I76-'310785 - P0524'!J76 -> 0
A77: 75 | D77: 2820DF - 2X8X20 #2 AND BTR DOUG FIR | E77: 698 | F77: =F74 -> 678 | G77: =+F77-E77 -> -20 | H77: =(F77-E77)/ABS(E77) -> -0.028653295 | I77: 979.03812 | J77: =(I77*H77)+I77 -> 950.98545 | K77: =J77-I77 -> -28.052668 | L77: =(J77-I77)/ABS(I77) -> -0.028653295 | M77: COM | O77: =E77-'310785 - P0524'!F77 -> 0 | P77: =I77-'310785 - P0524'!J77 -> 0
A78: 76 | D78: 2108DF - 2X10X8 #2 AND BTR DOUG FIR | E78: 738 | F78: 728 | G78: =+F78-E78 -> -10 | H78: =(F78-E78)/ABS(E78) -> -0.013550136 | I78: 934.28482 | J78: =(I78*H78)+I78 -> 921.62513 | K78: =J78-I78 -> -12.659686 | L78: =(J78-I78)/ABS(I78) -> -0.013550136 | M78: COM | O78: =E78-'310785 - P0524'!F78 -> 0 | P78: =I78-'310785 - P0524'!J78 -> 0
A79: 77 | D79: 21010DF - 2X10X10 #2 AND BTR DOUG FIR | E79: 738 | F79: =F78 -> 728 | G79: =+F79-E79 -> -10 | H79: =(F79-E79)/ABS(E79) -> -0.013550136 | I79: 934.28482 | J79: =(I79*H79)+I79 -> 921.62513 | K79: =J79-I79 -> -12.659686 | L79: =(J79-I79)/ABS(I79) -> -0.013550136 | M79: COM | O79: =E79-'310785 - P0524'!F79 -> 0 | P79: =I79-'310785 - P0524'!J79 -> 0
A80: 78 | D80: 21012DF - 2X10X12 #2 AND BTR DOUG FIR | E80: 738 | F80: =F78 -> 728 | G80: =+F80-E80 -> -10 | H80: =(F80-E80)/ABS(E80) -> -0.013550136 | I80: 934.28482 | J80: =(I80*H80)+I80 -> 921.62513 | K80: =J80-I80 -> -12.659686 | L80: =(J80-I80)/ABS(I80) -> -0.013550136 | M80: COM | O80: =E80-'310785 - P0524'!F80 -> 0 | P80: =I80-'310785 - P0524'!J80 -> 0
A81: 79 | D81: 21014DF - 2X10X14 #2 AND BTR DOUG FIR | E81: 738 | F81: =F78 -> 728 | G81: =+F81-E81 -> -10 | H81: =(F81-E81)/ABS(E81) -> -0.013550136 | I81: 934.28482 | J81: =(I81*H81)+I81 -> 921.62513 | K81: =J81-I81 -> -12.659686 | L81: =(J81-I81)/ABS(I81) -> -0.013550136 | M81: COM | O81: =E81-'310785 - P0524'!F81 -> 0 | P81: =I81-'310785 - P0524'!J81 -> 0
A82: 80 | D82: 21016DF - 2X10X16 #2 AND BTR DOUG FIR | E82: 738 | F82: =F78 -> 728 | G82: =+F82-E82 -> -10 | H82: =(F82-E82)/ABS(E82) -> -0.013550136 | I82: 934.28482 | J82: =(I82*H82)+I82 -> 921.62513 | K82: =J82-I82 -> -12.659686 | L82: =(J82-I82)/ABS(I82) -> -0.013550136 | M82: COM | O82: =E82-'310785 - P0524'!F82 -> 0 | P82: =I82-'310785 - P0524'!J82 -> 0
A83: 81 | D83: 21020DF - 2X10X20 #2 AND BTR DOUG FIR | E83: 738 | F83: =F80 -> 728 | G83: =+F83-E83 -> -10 | H83: =(F83-E83)/ABS(E83) -> -0.013550136 | I83: 934.28482 | J83: =(I83*H83)+I83 -> 921.62513 | K83: =J83-I83 -> -12.659686 | L83: =(J83-I83)/ABS(I83) -> -0.013550136 | M83: COM | O83: =E83-'310785 - P0524'!F83 -> 0 | P83: =I83-'310785 - P0524'!J83 -> 0
A84: 82 | D84: 2128DF - 2X12X8 #2 AND BTR DOUG FIR | E84: 808 | F84: 743 | G84: =+F84-E84 -> -65 | H84: =(F84-E84)/ABS(E84) -> -0.080445545 | I84: 1035.0304 | J84: =(I84*H84)+I84 -> 951.76679 | K84: =J84-I84 -> -83.263582 | L84: =(J84-I84)/ABS(I84) -> -0.080445545 | M84: COM | O84: =E84-'310785 - P0524'!F84 -> 0 | P84: =I84-'310785 - P0524'!J84 -> 0
A85: 83 | D85: 21210DF - 2X12X10 #2 AND BTR DOUG FIR | E85: 808 | F85: =F84 -> 743 | G85: =+F85-E85 -> -65 | H85: =(F85-E85)/ABS(E85) -> -0.080445545 | I85: 1035.0304 | J85: =(I85*H85)+I85 -> 951.76679 | K85: =J85-I85 -> -83.263582 | L85: =(J85-I85)/ABS(I85) -> -0.080445545 | M85: COM | O85: =E85-'310785 - P0524'!F85 -> 0 | P85: =I85-'310785 - P0524'!J85 -> 0
A86: 84 | D86: 21212DF - 2X12X12 #2 AND BTR DOUG FIR | E86: 808 | F86: =F84 -> 743 | G86: =+F86-E86 -> -65 | H86: =(F86-E86)/ABS(E86) -> -0.080445545 | I86: 1035.0304 | J86: =(I86*H86)+I86 -> 951.76679 | K86: =J86-I86 -> -83.263582 | L86: =(J86-I86)/ABS(I86) -> -0.080445545 | M86: COM | O86: =E86-'310785 - P0524'!F86 -> 0 | P86: =I86-'310785 - P0524'!J86 -> 0
A87: 85 | D87: 21214DF - 2X12X14 #2 AND BTR DOUG FIR | E87: 808 | F87: =F84 -> 743 | G87: =+F87-E87 -> -65 | H87: =(F87-E87)/ABS(E87) -> -0.080445545 | I87: 1035.0304 | J87: =(I87*H87)+I87 -> 951.76679 | K87: =J87-I87 -> -83.263582 | L87: =(J87-I87)/ABS(I87) -> -0.080445545 | M87: COM | O87: =E87-'310785 - P0524'!F87 -> 0 | P87: =I87-'310785 - P0524'!J87 -> 0
A88: 86 | D88: 21216DF - 2X12X16 #2 AND BTR DOUG FIR | E88: 808 | F88: =F84 -> 743 | G88: =+F88-E88 -> -65 | H88: =(F88-E88)/ABS(E88) -> -0.080445545 | I88: 1035.0304 | J88: =(I88*H88)+I88 -> 951.76679 | K88: =J88-I88 -> -83.263582 | L88: =(J88-I88)/ABS(I88) -> -0.080445545 | M88: COM | O88: =E88-'310785 - P0524'!F88 -> 0 | P88: =I88-'310785 - P0524'!J88 -> 0
A89: 87 | D89: 21220DF - 2X12X20 #2 AND BTR DOUG FIR | E89: 808 | F89: =F86 -> 743 | G89: =+F89-E89 -> -65 | H89: =(F89-E89)/ABS(E89) -> -0.080445545 | I89: 1035.0304 | J89: =(I89*H89)+I89 -> 951.76679 | K89: =J89-I89 -> -83.263582 | L89: =(J89-I89)/ABS(I89) -> -0.080445545 | M89: COM | O89: =E89-'310785 - P0524'!F89 -> 0 | P89: =I89-'310785 - P0524'!J89 -> 0
A90: 88 | C90: DH | D90: 448DF - 4X4 8' S4S #2 GRN DOUG FIR | E90: 12.48 | F90: 12.85 | G90: =+F90-E90 -> 0.37 | H90: =(F90-E90)/ABS(E90) -> 0.029647436 | I90: 2506.0176 | J90: =(I90*H90)+I90 -> 2580.3146 | K90: =J90-I90 -> 74.296996 | L90: =(J90-I90)/ABS(I90) -> 0.029647436 | M90: COM | O90: =E90-'310785 - P0524'!F90 -> 0 | P90: =I90-'310785 - P0524'!J90 -> 0
A91: 89 | D91: End of Dimensional Lumber | H91: =AVERAGE(H65:H90) -> -0.051842811 | L91: =AVERAGE(L65:L89) -> -0.055102421
A92: 90 | D92: Sheet Goods | M92: COM | O92: =E92-'310785 - P0524'!F92 -> 0 | P92: =I92-'310785 - P0524'!J92 -> 0
A93: 91 | D93: 48716OSB - 4X8 7/16" OSB | E93: 641 | F93: 510 | G93: =+F93-E93 -> -131 | H93: =(F93-E93)/ABS(E93) -> -0.20436817 | I93: 726.94413 | J93: =(I93*H93)+I93 -> 578.37989 | K93: =J93-I93 -> -148.56425 | L93: =(J93-I93)/ABS(I93) -> -0.20436817 | M93: COM | O93: =E93-'310785 - P0524'!F93 -> 0 | P93: =I93-'310785 - P0524'!J93 -> 0
